case_id,width,height,blur,n_boxes,classes
1090524726072025051031603544,1280,1280,991.44508049559,0,[]
110002513032026010652397160,1599,899,853.7533067119418,1,[0]
110002515012026020614817057,1126,1599,794.8408009599615,4,"[0, 1, 7, 5]"
110002515012026020645572434,1280,720,374.88113975312854,0,[]
110003201042026014704634514,1600,1200,959.5728577465687,1,[0]
110003201042026015617050374,739,1600,122.17772822294647,4,"[0, 6, 1, 7]"
110003214082025011742078245,1920,1080,830.7579871071385,0,[]
110003214082025042506828749_page01,1240,1755,1328.597011705425,0,[]
110003214082025042824887444_page01,1240,1755,899.4821904954163,1,[0]
110003214082025042913116939_page01,1240,1755,384.31529928691504,4,"[0, 1, 4, 6]"
110003214082025043348372662_page01,1240,1755,482.3026174063668,2,"[0, 1]"
110003214082025043517168178_page01,1240,1755,575.6101683569856,0,[]
110003214082025043619764512_page01,1240,1755,579.496201635308,3,"[0, 5, 6]"
110003214082025044057617664_page01,1240,1755,521.8095459976105,3,"[0, 1, 7]"
110003214082025044243029136_page01,1240,1755,725.2360760313164,4,"[0, 1, 6, 4]"
110003214082025044328385395_page01,1240,1755,676.7485928747943,4,"[0, 3, 4, 1]"
110003214082025044427522754_page01,1240,1755,922.7992486903014,3,"[0, 1, 3]"
110003214082025044513012810_page01,1240,1755,686.2077874265009,4,"[0, 1, 8, 5]"
110003220122025120834091862,1125,1500,9.146228122548148,4,"[0, 6, 2, 5]"
110003220122025120834095997,960,1280,68.15714921472801,0,[]
110003227012026025210709477,1200,1600,99.4044140874121,4,"[0, 8, 8, 4]"
110003227012026025210711836,1200,1600,265.497311183801,0,[]
110003227012026030111774619,1599,899,128.29659873701715,4,"[0, 2, 3, 3]"
110003227012026030258095388,1599,899,216.13497084263594,4,"[0, 4, 7, 6]"
110003231012026014803902145,1500,1500,335.37846873487626,4,"[0, 6, 3, 5]"
110003231012026014803931200,1536,1536,530.194064068194,0,[]
110003606042026123803711457,738,1600,610.5661971615863,4,"[0, 5, 8, 4]"
110003608012026045551462257,720,1280,1716.3578742735956,0,[]
110003611012026064121348231,720,1280,217.80890504209611,4,"[0, 5, 6, 7]"
110003624022026031157876223,720,1280,319.4141312170664,4,"[0, 4, 3, 8]"
110003624022026031323112979,899,1599,251.5723097838374,0,[]
110003624022026031438099512,1599,899,246.35540946188937,4,"[0, 5, 6, 2]"
110003624022026032431067905,901,1600,354.6008492149472,0,[]
110003624022026032558147521,901,1600,234.10286436090675,4,"[0, 8, 5, 4]"
110003624022026032835081992,1280,960,311.74364305901463,4,"[0, 8, 8, 3]"
110003630122025101058617314,1600,713,336.17280329457725,4,"[0, 2, 6, 3]"
110003630122025101623579035,1600,713,271.0589911854259,4,"[0, 3, 6, 7]"
110007502082025052807425816,539,1221,231.4146438504302,4,"[0, 4, 7, 8]"
110007502082025053023735404,1152,520,382.39981278338604,4,"[0, 8, 1, 6]"
110007502082025053256096355,1152,520,1302.8193539020406,4,"[0, 6, 1, 3]"
110007502082025053554915142,520,1152,1700.5572766319162,4,"[0, 1, 5, 5]"
110007513122025113345618381,720,1600,221.28334411508897,4,"[0, 4, 3, 7]"
110007513122025113345618391,718,1600,343.2593497144221,4,"[0, 5, 3, 5]"
110007516022026074402638654,718,1600,90.4034435617813,4,"[0, 3, 1, 8]"
110007517032026022702459797,1280,720,1586.167315860295,0,[]
110007517032026022702463986,1280,720,646.9916442249427,4,"[0, 8, 5, 1]"
110007517032026024010241791,1599,720,48.11441529792355,0,[]
110007517032026024010243039,1599,720,242.103562745633,4,"[0, 1, 8, 5]"
110007519112025122637514511,900,1600,424.75631585196703,0,[]
110007523012026021142423239,899,1599,217.84195189400464,4,"[0, 2, 7, 5]"
110007523012026021142454856,1599,899,399.5377095389029,4,"[0, 1, 4, 5]"
110007523022026050137662316,1600,1200,183.7076654010284,4,"[0, 1, 5, 8]"
110007523022026050137680979,1600,1200,583.7630144571604,4,"[0, 1, 3, 2]"
110007524032026034502954851,718,1600,78.01547379765236,4,"[0, 2, 7, 8]"
110007704092025120403003545,1200,1600,110.3996458171525,4,"[0, 4, 3, 6]"
110007704092025120603226521,900,1600,522.3720138042819,4,"[0, 8, 1, 6]"
110007704092025120751351281,899,1599,81.63573923369428,4,"[0, 4, 7, 1]"
110007704092025123720317455,1200,1600,46.85340146255181,0,[]
110007704102025052302256916,960,1280,461.56326751285127,4,"[0, 3, 2, 8]"
110007710022026071822906497,960,1280,670.9596581787109,0,[]
110007715032026101743148067,1200,1600,277.5068675432943,0,[]
110007715032026102113559598,900,1600,136.79113534142314,4,"[0, 3, 5, 1]"
110007723022026032908288164,1280,960,331.7338834470087,4,"[0, 1, 3, 7]"
110007723022026033429162719,960,1280,958.92495112045,4,"[0, 8, 4, 6]"
110007723022026033610579276,1280,960,1427.5417128624063,4,"[0, 8, 5, 7]"
110007723022026033746149349,960,1280,1605.5633870092365,0,[]
110007723022026033955634414,1280,960,292.4543717398935,4,"[0, 2, 5, 4]"
110007723022026095216969819,1536,1536,576.0109514819407,0,[]
110007723022026100006010400,1536,1536,1992.1131845653154,4,"[0, 5, 8, 1]"
110007723022026100156365589,1536,1536,1506.4453081073991,0,[]
110007725022026123452627264,720,1280,567.0407873019171,0,[]
110007725022026123739180957,899,1599,532.0832469955667,0,[]
110007725082025022350418813,1200,1600,115.50568661932263,0,[]
110007725082025022515010127,1200,1600,128.01922377339164,0,[]
110007725082025022616895074,720,1280,149.63653532758175,4,"[0, 8, 2, 1]"
110007729012026050823468187,1200,1600,89.04171723280815,4,"[0, 8, 4, 2]"
110007729012026050943674028,1200,1600,66.22413066847629,4,"[0, 6, 4, 2]"
110007729012026051113457008,899,1599,137.0866453520955,4,"[0, 6, 3, 5]"
110007729112025110700174026,1600,1200,128.71756717360677,4,"[0, 7, 6, 5]"
110007731032026020534692677,900,1600,619.6795187006173,4,"[0, 5, 8, 4]"
110007731032026020757246233,900,1600,854.9288828142703,0,[]
110010001102025013836618446,1600,784,319.5807150828008,0,[]
110010009012026120713296136,1280,960,675.8501459295691,4,"[0, 3, 5, 3]"
110010012022026012116958999,1600,1200,21.457942023728027,4,"[0, 5, 5, 8]"
110010012032026014011857432,1280,720,1520.0748329980531,4,"[0, 6, 3, 1]"
110010029112025064746646477,899,1599,34.55116675757103,4,"[0, 7, 7, 2]"
110011401122025032219585042,1280,960,1235.5404553241704,4,"[0, 2, 6, 2]"
110011401122025032554427017_page01,1240,1755,742.5165341121922,0,[]
110011401122025032554427017_page02,1240,1755,423.3041072367994,3,"[0, 6, 3]"
110011401122025032617611793,1280,960,892.9275176914824,0,[]
110012612022026121735254644,1200,1600,61.139689030212395,4,"[0, 2, 2, 6]"
110012620012026112009313775,1280,720,6891.6044832310035,1,[0]
110012622012026010349785230,963,1280,75.53925522886142,4,"[0, 1, 8, 7]"
110012622012026010349994237,963,1280,112.1080526286739,0,[]
110012622012026010350228967,720,1280,482.53224283081687,0,[]
110012622012026010350302859,1600,1200,630.2941561766493,0,[]
110013606122025100337210836,1600,900,2250.4725185894436,0,[]
110013607022026053701780059,720,1280,264.18615977011666,2,"[0, 2]"
110013607022026053701883826,1280,720,1901.2938042072144,2,"[0, 3]"
110013607022026053701968985,1280,720,7610.717542294301,0,[]
110013609032026101536202712,705,1600,176.05206824254233,1,[0]
110013609032026101545468724,705,1600,408.65561151319105,4,"[0, 5, 1, 6]"
110013609032026101545497374,705,1600,786.3859264130255,4,"[0, 5, 1, 4]"
110013609032026101644308361,705,1600,165.4579779960735,0,[]
110013609032026101644821371,705,1600,378.6182568092652,0,[]
110013612032026034801576464,960,1280,5269.394917151291,1,[0]
110013612032026034801626229,1280,960,5534.122966745243,2,"[0, 6]"
110013612032026034801631753,960,1280,8236.76120151705,3,"[0, 6, 6]"
110013612092025033554496819,720,1280,835.9010128665077,0,[]
110013612092025033626109382,864,1152,53.67158764619428,4,"[0, 7, 5, 1]"
110013613122025114748461334,900,1600,178.52819078020786,4,"[0, 7, 5, 1]"
110013613122025114809467084,1600,900,3180.8860096925855,1,[0]
110013613122025114953764086,900,1600,409.45939729322487,0,[]
110013613122025114954342104,900,1600,2121.9391969666353,1,[0]
110013613122025115044472977,900,1600,253.85022082907213,0,[]
110013613122025120725822810,1600,1200,112.21416975805556,4,"[0, 2, 5, 8]"
110013613122025120726329965,1600,1200,131.00629101326388,4,"[0, 4, 1, 4]"
110013613122025120726335373,1600,1200,260.6607443204416,0,[]
110013614032026024714023522,899,1599,29.23392746384178,4,"[0, 8, 7, 5]"
110013614032026024714076764,899,1599,2064.653743616362,1,[0]
110013614032026024714103710,1599,899,1650.719397967302,3,"[0, 6, 5]"
110013617122025033602649771,720,1280,1304.386646565077,3,"[0, 7, 3]"
110013617122025033602700987,900,1600,128.7168904635759,4,"[0, 6, 5, 5]"
110013617122025033603577497,900,1600,1184.2754285424692,0,[]
110013617122025033603888848,1600,900,2106.1823179952735,3,"[0, 8, 7]"
110013619072025013213882953,1600,729,787.943990906898,4,"[0, 6, 6, 3]"
110013619072025013235332260,1600,729,196.41548746665242,4,"[0, 5, 1, 2]"
110013622012026051805804079,1280,583,594.5244755855422,0,[]
110013622012026051805879523,583,1280,1422.394729481587,0,[]
110013622012026051805881664,583,1280,1569.9166982715326,1,[0]
110013622012026051805941944,729,1600,1571.0332361993587,2,"[0, 7]"
110013626112025012511236095,1152,864,139.07550167747814,0,[]
110013626112025012521252999,864,1152,2837.4956403796746,1,[0]
110014101102025114237819703,900,1600,2358.6711520366894,1,[0]
110014101102025114320289365,900,1600,1282.0842233498765,3,"[0, 3, 6]"
110014101102025114327592946,1920,1440,838.2567289945437,0,[]
110014101102025114335417151,900,1600,2762.6483150573995,2,"[0, 8]"
110014105022026045631813642,1600,1200,657.0630892044172,4,"[0, 1, 1, 5]"
110014105022026045714650328,1280,720,2991.8053232392194,2,"[0, 8]"
110014105022026045907628190,1600,1200,611.1485539760373,4,"[0, 4, 8, 2]"
110014105022026045942576126,800,450,1038.3393095638196,1,[0]
110014105022026050055071597,1600,1200,317.41450667219806,0,[]
110014105022026050304939637,1200,1600,721.6698534241469,0,[]
110014109022026014701266823,1920,1440,462.12196714400915,4,"[0, 1, 4, 1]"
110014109022026014710392473,800,600,5102.87786396819,3,"[0, 2, 6]"
110014110102025111654385587,1443,1920,6636.346550938145,1,[0]
110014110102025111707848500,960,1280,323.75043692251774,0,[]
110014110102025111811837501,1440,1920,9044.776383225226,4,"[0, 6, 4, 6]"
110014110102025111915723675,1440,1920,1182.1291319962781,4,"[0, 3, 4, 7]"
110014112032026100122259809,450,800,398.0034329540432,4,"[0, 5, 4, 2]"
110014112032026100140952870,1920,1080,2239.111727230272,1,[0]
110014112032026100146920667,1080,1920,1208.0989181241741,3,"[0, 3, 3]"
110014112082025013333960712,770,1240,419.69025280585697,4,"[0, 1, 3, 5]"
110014112082025033219956146,1280,720,445.69063132448434,4,"[0, 8, 6, 6]"
110014113012026030422258871,899,1599,26.73127531671119,4,"[0, 8, 5, 2]"
110014113012026030444865694,899,1599,567.6323829775415,4,"[0, 2, 5, 7]"
110014113012026030450690635,450,800,663.6974902620292,0,[]
110014113012026030455477719,1599,899,157.66495872905435,4,"[0, 1, 3, 8]"
110014116122025021917319897,1920,1080,3432.06577690972,1,[0]
110014116122025021935316111,1080,1920,2830.078296452313,0,[]
110014116122025021942265227,1080,1920,5675.998306310705,1,[0]
110014118112025023629041193,721,1600,581.9599881507271,0,[]
110014118112025023712095621,721,1600,328.96755774073154,4,"[0, 4, 3, 6]"
110014118112025023717158574,721,1600,430.5550244266726,0,[]
110014118112025023721880272,721,1600,257.0288435367257,4,"[0, 7, 5, 5]"
110014119032026012451674161,899,1599,58.916031100617154,0,[]
110014119082025061457174783,450,800,453.217710894321,0,[]
110014119082025061608443348,450,800,466.9347272877778,0,[]
110016802122025020447078328,900,1600,935.7408895441623,4,"[0, 1, 7, 6]"
110016802122025020506892667,900,1600,118.20909089773873,0,[]
110016802122025020531023262,1600,900,2676.9152085154324,1,[0]
110016803042026024334606273,1600,717,1028.3582062757305,4,"[0, 8, 1, 8]"
110016803042026024419562313,1388,794,126.85950117851745,4,"[0, 2, 6, 5]"
110016803042026025729037990,716,1600,74.46797485886003,2,"[0, 3]"
110016803042026030238482356,738,1600,121.18399239099017,4,"[0, 8, 2, 3]"
110016805022026121844205655,1600,1200,101.17287499622289,0,[]
110016805022026123605330765,738,1600,226.55672663628602,4,"[0, 8, 1, 2]"
110016805022026123625473629,1600,738,819.5289868050392,4,"[0, 1, 1, 5]"
110016805022026124208620257,1536,1536,215.51339921791143,2,"[0, 8]"
110016805022026124237949995,1536,1536,848.9598347869194,3,"[0, 7, 8]"
110016805022026124541023791,1600,1200,488.3529406222873,4,"[0, 6, 2, 7]"
110016805022026124558079696,738,1600,42.978712712314724,4,"[0, 1, 3, 8]"
110016813122025012158684933,720,1280,102.68100143619114,0,[]
110016813122025012350280188,540,1206,547.5263126711166,4,"[0, 8, 2, 3]"
110016813122025012556502944,720,1280,140.46531245384216,4,"[0, 6, 2, 4]"
110016813122025012621163370,901,1280,830.9230658442152,3,"[0, 1, 8]"
110016813122025012914051972,939,1280,69.65559019264971,4,"[0, 5, 4, 2]"
110016817012026010952193465,591,1280,40.76099195169612,4,"[0, 4, 4, 2]"
110016817012026011013188159,591,1280,1358.4823387609285,4,"[0, 2, 2, 4]"
110016820082025045412005610,1920,886,1051.4890159935705,4,"[0, 8, 3, 3]"
110016820082025045513546691,1920,886,100.28767210100156,4,"[0, 7, 6, 7]"
110016820082025045534435393_page01,1240,1755,7399.073970223136,2,"[0, 7]"
110016820082025045534435393_page02,1240,1755,6305.9647615107015,2,"[0, 7]"
110016820112025035142940419,720,1280,239.3215027347129,4,"[0, 2, 5, 4]"
110016820112025035307202362,1280,720,2161.6936970296038,0,[]
110016820112025040014359567,720,1280,633.622569999411,4,"[0, 2, 6, 7]"
110016820112025040033089413,720,1280,1560.7447050871483,0,[]
110016820112025040313062009,720,1280,11737.178772639052,4,"[0, 6, 2, 6]"
110016820112025041247452563,1600,716,831.3180915666029,4,"[0, 4, 6, 4]"
110016820112025041308006561,717,1600,1568.7698839707161,1,[0]
110016820112025041326315773,1600,717,2239.950162789717,1,[0]
110016821112025061013089465,1920,886,757.6887848879909,4,"[0, 2, 7, 8]"
110016821112025061044416258,886,1920,939.3920990043262,4,"[0, 5, 5, 4]"
110016825032026052040529203,591,1280,188.1835447988824,0,[]
110016825032026052453891116,886,1920,421.5884235087941,4,"[0, 8, 8, 3]"
110016825032026053900406080,1599,899,175.4693512723849,0,[]
110016825032026054007215737,738,1600,514.5722237796501,4,"[0, 1, 5, 2]"
110016825032026055055502642,738,1600,171.54790387114107,4,"[0, 7, 6, 1]"
110016827032026025337895509,738,1600,38.99846177856257,4,"[0, 5, 1, 2]"
110016827032026030632100344,738,1600,83.99232539024342,4,"[0, 7, 6, 4]"
110016827032026031159521938,1600,738,1706.0101111614995,1,[0]
110016827032026032059495098,1600,738,2088.870485522398,1,[0]
110016827032026032844181484,1600,738,2730.007291739374,1,[0]
110017808012026011050915886,1280,960,530.7905051074022,4,"[0, 3, 6, 2]"
110017808012026011050915898,1280,963,336.2032396715196,0,[]
110017816102025030148036272,1020,765,696.3160462805319,4,"[0, 3, 3, 2]"
110018003122025021032667050_page01,1240,1753,2626.265979979022,0,[]
110018003122025021032826371,650,1156,725.8170992871492,0,[]
110018003122025021032907869,1156,650,1809.9668725021006,4,"[0, 5, 7, 3]"
110018020012026011146012418_page01,1240,1753,2650.869744953352,0,[]
110018020012026011146280173,1600,719,2828.8284224633358,0,[]
110018020012026011146329226,1600,719,5208.855354695428,1,[0]
110018020012026025629940271_page01,1240,1753,3429.2394512632723,4,"[0, 8, 6, 2]"
110018020012026025630442040,1280,720,58.392979135847675,0,[]
110018020012026025631190253,1577,1600,182.10750634097252,0,[]
110018020012026055651034723,1200,1600,978.482316734915,0,[]
110018020012026055815399224,1200,1599,469.9986717033903,3,"[0, 3, 3]"
110018020012026055815605159,1200,1600,933.4633832953448,4,"[0, 1, 2, 4]"
110018020012026060030021613,1200,1600,221.19434355400932,0,[]
110018020012026060030037354,1200,1599,42.81375071994017,4,"[0, 2, 3, 4]"
110018020012026060030041654,1200,1599,97.20438826750448,0,[]
110018020012026060404728734_page01,1240,1753,2686.0689518429235,4,"[0, 3, 5, 2]"
110018020012026060404747216,1200,1600,146.74314474998263,4,"[0, 6, 6, 7]"
110018020012026060404758978,1200,1600,157.70146089935304,0,[]
110018020012026060404805695,1200,1600,1197.7244763651233,0,[]
110018020012026060847613673,1600,1200,185.14320882372368,0,[]
110018020012026060847723714,1200,1600,324.86202343667946,2,"[0, 4]"
110018020012026060847724707,1200,1600,928.3225304990234,4,"[0, 5, 1, 3]"
110019903022026050535592303,899,1280,3542.3382430159427,0,[]
110019903022026050556435510,899,1599,258.6305644147053,4,"[0, 4, 2, 7]"
110019903022026050620273067,1599,899,811.8766130483363,3,"[0, 5, 6]"
110019909032026010804483784,900,1292,413.4391001725903,4,"[0, 6, 2, 6]"
110019909032026010839457700,1600,900,49.11949101326389,4,"[0, 2, 3, 6]"
110019910092025012657231374,720,1600,333.99529681592406,0,[]
110019910092025012721552618,720,1600,378.9124528363105,4,"[0, 8, 5, 3]"
110019910092025012808808985,1259,1920,3672.4347487923455,0,[]
110019913122025011814106119,720,1600,317.3953256792165,0,[]
110019913122025011837210421,1600,720,346.10847261642715,4,"[0, 3, 7, 3]"
110019913122025011857848646,878,1280,5970.450766560371,0,[]
110019925032026045116526493,1200,1600,110.84082746857395,4,"[0, 3, 8, 4]"
110019925032026045201581072,1200,1600,332.3675536259112,0,[]
110019925032026045220246566,893,1280,2353.3686021833096,3,"[0, 7, 7]"
110019926082025123929881415,1257,1920,2514.2129938410103,0,[]
110019926082025123955024511,899,1599,454.77532739002453,0,[]
110019926082025124014456915,720,1600,51.41956683533394,4,"[0, 6, 6, 4]"
110019926082025124303743732,899,1599,331.0530476151314,4,"[0, 4, 2, 1]"
110019926082025124343192874,899,1599,218.48942043371665,4,"[0, 2, 6, 3]"
110019926082025124426367315_page01,1240,1755,7225.024436172956,0,[]
110019926082025124426367315_page02,1240,1755,5688.189946695887,1,[0]
110019926082025124939440660,1600,720,560.8032968430235,4,"[0, 6, 6, 2]"
110019926082025124958857188,720,1600,497.46230814161896,4,"[0, 7, 6, 2]"
110019926082025125019604907,1600,720,818.5956752646483,4,"[0, 5, 8, 3]"
110019926082025125038067581,1316,1920,2742.6729927515526,4,"[0, 5, 8, 5]"
110019926082025125320717939,1600,720,381.9671985238715,4,"[0, 2, 8, 2]"
110019926082025125342283234_page01,1240,1755,7305.834178843667,1,[0]
110019926082025125342283234_page02,1240,1755,5690.247506662801,1,[0]
110019926082025125408243057,1599,899,481.7885753996794,4,"[0, 3, 7, 2]"
110020206022026030846503655,1440,1920,778.0330747502311,3,"[0, 5, 5]"
110020206022026031448852219,1440,1920,249.66761787695538,4,"[0, 7, 7, 6]"
110020211022026125501315877,1440,1920,170.59305852305394,0,[]
110021713102025033556872810,720,1280,330.18990665961365,0,[]
110021713102025033556872821,1600,900,120.35062793952498,0,[]
110021713102025033556872836,1280,720,228.74377169234197,4,"[0, 1, 1, 6]"
110021713102025033556873773,1600,900,216.56382637073878,0,[]
110021716092025035358432803,899,1599,193.2145854610039,0,[]
110021716092025040817594503,1080,1034,42.425013427439914,4,"[0, 8, 5, 4]"
110021716092025040817595247,720,1280,100.18007685237463,0,[]
110021726022026022744906836,1600,720,806.7014476507493,4,"[0, 2, 5, 7]"
110023122032026040349105686,899,1599,77.6889080411394,4,"[0, 6, 6, 6]"
110023122032026040349111485,899,1599,168.4666323685362,4,"[0, 5, 3, 3]"
110023122112025090506971401,1151,648,305.25866530048785,4,"[0, 5, 5, 8]"
110023122112025090519332902_page01,1242,1755,3248.950082651248,0,[]
110023208112025122830540793,714,1600,412.4703798988223,4,"[0, 8, 6, 3]"
110025625032026021522214475,900,1600,223.73799204392313,4,"[0, 8, 8, 5]"
110033901122025041654221101,1599,899,1949.27275754103,0,[]
110033921072025035635143401,720,1280,536.6109564377349,0,[]
110033921082025054233003415,716,1600,399.36514492158165,4,"[0, 7, 6, 3]"
110033921082025111144546528,899,1599,234.99097249679784,4,"[0, 7, 8, 7]"
110033921082025112057846272,1200,1600,174.8829232287326,4,"[0, 1, 2, 4]"
110033921082025112207226412,1200,1600,79.90452904416668,4,"[0, 3, 2, 4]"
110033927022026032947186064,1280,960,99.43182931575511,4,"[0, 1, 3, 3]"
110033927022026032948715233,1280,960,966.6209524505397,4,"[0, 4, 1, 3]"
110033927022026032949815184,960,1280,592.3861880458833,4,"[0, 4, 8, 2]"
110033927022026033616152384,960,1280,38.66807124429279,4,"[0, 2, 8, 4]"
110033927022026033618779723,960,1280,398.12728554987837,4,"[0, 3, 6, 2]"
110033927022026033706354937,1280,960,164.5617476168732,4,"[0, 6, 4, 1]"
110034209072025034649011052,720,1280,314.4962152748343,0,[]
110034209072025034856121659,720,1280,201.28735107081732,4,"[0, 8, 2, 2]"
110034701122025033341764565,1280,720,184.0461443908114,4,"[0, 4, 1, 4]"
110034701122025033523329040,1280,720,213.86915491428962,4,"[0, 7, 5, 2]"
110034701122025033651847905,1280,588,208.0054987455618,0,[]
110034701122025034046606357,900,1600,352.4348474000651,4,"[0, 8, 6, 7]"
110034701122025034611891317,1280,588,116.09540574676959,4,"[0, 2, 8, 5]"
110034701122025040717088498,963,1280,699.8531533759854,4,"[0, 2, 1, 4]"
110034701122025040743088345,1080,759,119.82063126308528,4,"[0, 8, 5, 4]"
110034701122025041333666047,960,1280,504.923694443255,0,[]
110034701122025042112775667,720,1600,223.40184450167507,4,"[0, 7, 2, 2]"
110034706122025094416570471,1600,1200,389.0637548872223,4,"[0, 8, 8, 3]"
110034716102025101702611384,1280,720,159.31302949578557,4,"[0, 1, 7, 1]"
110034716102025101905466694,1280,588,217.59475288836856,4,"[0, 7, 3, 6]"
110034716102025103407136091,1280,588,221.30713393412304,4,"[0, 7, 1, 7]"
110034716102025103513223359,1280,588,491.6471387776659,4,"[0, 2, 8, 5]"
110034721082025113732171523,1280,720,636.9934649894609,4,"[0, 5, 5, 6]"
110034721082025113930569023,1280,720,728.9606935614645,4,"[0, 5, 2, 7]"
110034724112025114409581692,1080,1310,84.0448939027378,0,[]
110039120032026082657273349,1170,1625,71.91863918338123,4,"[0, 6, 1, 3]"
110039125032026011034332830,899,1599,202.11317096828438,4,"[0, 8, 2, 1]"
110043604022026033010054815,723,1600,523.8439461202643,4,"[0, 1, 3, 7]"
110043620022026034204576999,723,1600,551.2015064356954,4,"[0, 1, 8, 6]"
110047705082025102007066203_page01,1240,1755,8970.980666298863,0,[]
110047705082025102007066203_page02,1240,1755,5677.733422479361,1,[0]
110047705082025102021001291,1085,1920,129.52470317609175,4,"[0, 7, 7, 3]"
110047706032026114802506296,899,1599,296.800436819356,0,[]
110047707082025101321921161,1920,1080,166.57386669988483,0,[]
110047707082025101507377703_page01,1240,1755,6375.310970498844,1,[0]
110047708102025013800337632,886,1920,52.062504114932935,4,"[0, 3, 5, 1]"
110047718032026043729836874,600,800,280.3260750590234,4,"[0, 4, 6, 5]"
110047719072025044351358921,1920,1085,68.757109238194,4,"[0, 4, 3, 5]"
110047719092025050225144288,1600,900,159.32182294416668,4,"[0, 1, 6, 2]"
110047723072025033121744617,562,193,2162.549813488274,2,"[0, 3]"
110047723072025035306243531,887,1919,2303.4896498716766,2,"[0, 5]"
110047723072025035623157479,349,508,3565.4107610306633,0,[]
110047723072025035850290513,887,1919,1819.666070558543,0,[]
110047723072025040052778858,1123,794,852.1015564193607,1,[0]
110047724072025045202575287,720,1280,280.99734153645835,4,"[0, 1, 4, 6]"
110047730072025013755926607,1920,863,23.21688325894854,2,"[0, 3]"
110047730072025013853730697,796,1114,447.5508453884112,3,"[0, 4, 1]"
110048803112025053923742509,1600,1371,1817.9688301214424,4,"[0, 4, 5, 4]"
110048803112025054052740913,1083,1600,1232.5802473675258,0,[]
110048803112025054218114373,1600,1371,1634.09469894421,4,"[0, 4, 4, 6]"
110049513022026112725588527,1280,960,772.8534849023156,3,"[0, 1, 5]"
110049518072025093614477595,1290,1807,10.250542415060094,4,"[0, 3, 5, 6]"
110049521012026100101589363,780,318,77.21046160093815,4,"[0, 1, 5, 2]"
110049521012026100235071042,758,256,270.9148912691066,4,"[0, 8, 4, 4]"
110049524062025025614204093,1920,864,47.406771326624316,0,[]
110050729082025062703780740,570,1280,2299.478906149261,1,[0]
110051201042026065328203438,864,1920,34.812029759737435,0,[]
110051201042026065749205268,864,1920,273.79452023070496,4,"[0, 5, 3, 4]"
110051201042026070159887598,864,1920,74.92934086677631,0,[]
110051206122025024330020354,1280,579,798.6246518243767,4,"[0, 7, 1, 3]"
110051207012026095649575162,899,1599,1540.5316519972246,1,[0]
110051207012026095900206182,1200,1600,363.10952206873264,4,"[0, 2, 1, 3]"
110051207012026100201678657,1200,1600,354.9503682092446,0,[]
110051207012026100331026436,1200,1600,260.10909739523413,4,"[0, 4, 3, 4]"
110051214082025015416791349,899,1599,102.7963586714926,3,"[0, 2, 8]"
110051215072025034827271367,1200,1600,1128.5539676802073,3,"[0, 8, 8]"
110051215072025035005553433,1200,1600,1042.4196795526732,4,"[0, 7, 1, 6]"
110051215072025035157413829,1200,1600,4882.237226712222,3,"[0, 8, 8]"
110051220112025015817998380,900,1600,87.65165621764999,4,"[0, 8, 6, 7]"
110051221032026023458395751,1600,1200,407.9187364504937,4,"[0, 6, 5, 1]"
110051221032026023801512871,1200,1600,135.44117498358398,4,"[0, 3, 2, 7]"
110052117022026010028275109,800,602,1400.7771888642878,4,"[0, 6, 2, 8]"
110052117022026125456149877,800,1600,365.1722959629095,3,"[0, 8, 4]"
110052117022026125720388874,720,1600,1040.6483233503932,0,[]
110052119092025051202411413,720,1600,37.04352425461757,4,"[0, 3, 7, 2]"
110052901092025021721730690,900,1600,48.116922716905385,3,"[0, 3, 6]"
110052901092025021846251777,720,1280,156.31454317125744,4,"[0, 6, 3, 5]"
110052901092025022621354170,720,1280,169.29956582132502,0,[]
110052912092025094157994058,720,1280,880.9718040587802,3,"[0, 2, 2]"
110052920012026030438820503,1290,713,8.361465854328932,4,"[0, 4, 3, 7]"
110052924032026115957672903,900,1600,433.80288005184997,0,[]
110052924032026120034403145,1600,900,176.78293733439622,0,[]
110052924032026120138439368,1600,900,362.23442847218314,4,"[0, 1, 8, 6]"
110054512092025044009166568,899,1069,144.83488981768315,0,[]
110054512092025044023095785,642,632,229.82655446325023,4,"[0, 8, 4, 8]"
110059501042026043243031576,720,1280,8728.979440492907,1,[0]
110059503102025020905185996,900,1600,785.9441790480246,4,"[0, 4, 7, 8]"
110059503102025020905818441,900,1600,1098.4318311637107,3,"[0, 2, 3]"
110059523032026111903742384,720,1280,991.1086605278285,4,"[0, 3, 8, 2]"
110059807022026105500446590,899,1599,6.559886900544653,0,[]
110059810012026050753934456,720,1280,44.1729751937254,4,"[0, 5, 7, 7]"
110059817012026122532402412,720,1280,89.66486853208072,4,"[0, 8, 8, 6]"
110059817012026122834348533,720,1280,14.661211825616858,0,[]
110059819082025122102917792,899,1599,679.784998914506,4,"[0, 1, 5, 1]"
110059820082025100256923827,1040,780,99.38325925805367,4,"[0, 1, 3, 4]"
110059827012026024246210504,1599,899,72.23985714270098,4,"[0, 6, 1, 5]"
110060030032026125216477430,1600,715,313.97751041224205,3,"[0, 4, 3]"
110060030032026125217228299,715,1600,1204.5708846148682,0,[]
110060030032026125513322826,715,1600,106.05249018509386,0,[]
110060030032026125513724571,1600,715,423.67384614792905,0,[]
110060030032026125632553577,715,1600,113.88446239327031,0,[]
110060030032026125634326891,715,1600,1644.3430394819306,4,"[0, 3, 8, 8]"
110060204032026074104558753,899,1599,389.4379730610813,4,"[0, 1, 2, 5]"
110060207012026113042870723,1036,492,182.6498629310242,4,"[0, 2, 2, 7]"
110060207012026113054408672,1036,492,115.50203344544127,0,[]
110060207012026113104411118,492,1036,567.2706932914723,4,"[0, 4, 6, 2]"
110060208082025052453979685_page01,1241,1754,5783.533161898487,4,"[0, 7, 6, 4]"
110060208082025052453979685_page02,1241,1754,4241.741264570681,4,"[0, 2, 4, 5]"
110060208082025052919073325,1280,960,71.87205634835296,4,"[0, 8, 8, 8]"
110060208082025052919084898,1280,960,91.77958006658554,4,"[0, 1, 8, 5]"
110060208082025052919095376,899,1599,109.91488713958427,4,"[0, 2, 2, 7]"
110060208082025052919128819,1200,1600,1063.521882096787,3,"[0, 5, 8]"
110060208082025052919130360,1200,1600,1739.167930117079,4,"[0, 4, 8, 3]"
110060219072025025206593989,900,1600,157.51017777421103,4,"[0, 1, 6, 2]"
110060219072025025225638609,1600,900,385.736747359143,4,"[0, 3, 3, 2]"
110060219072025025601404577,900,1600,150.2534982296219,0,[]
110060227012026064942575475,1600,900,19.659228929010418,4,"[0, 5, 4, 7]"
110060227012026064942609291,900,1600,35.17933608470486,4,"[0, 2, 8, 1]"
110060227012026064942653298,1600,900,143.23974403493008,0,[]
110061306022026012624299168,900,1600,618.5721117318282,4,"[0, 4, 4, 4]"
110061306022026012632205006,900,1600,100.15218866851079,0,[]
110061312022026102458831127,900,1600,74.88598882777006,4,"[0, 8, 6, 6]"
110063606102025062156015086,960,1280,655.0722794543896,4,"[0, 7, 5, 5]"
110063609092025080843459907,1600,900,1860.0656706555246,1,[0]
110063613102025060632523191,1280,963,204.30134550707726,4,"[0, 7, 2, 3]"
110063613102025060845310363,1280,963,579.5582092025193,4,"[0, 8, 6, 8]"
110063613102025061006143585,1280,963,149.71566635159562,0,[]
110063613102025061450002625,1280,963,104.87409050535517,4,"[0, 3, 7, 2]"
110063613102025062637606965,1280,963,377.94797702830175,4,"[0, 1, 2, 7]"
110063613102025062653263824,1280,963,299.278546080297,4,"[0, 3, 5, 7]"
110063613102025062954668107,1600,1204,161.5459141357411,3,"[0, 7, 3]"
110063613102025063034041305,1280,963,212.90218852166552,4,"[0, 5, 8, 2]"
110063613102025063407490988,1280,963,554.0641475320143,4,"[0, 6, 6, 7]"
110063613102025063416793137,1280,963,207.46293721321587,4,"[0, 2, 6, 6]"
110063613102025063649739166,1280,963,489.02722274497273,4,"[0, 4, 4, 5]"
110063613102025063657255485,1280,963,326.7651934059991,4,"[0, 3, 2, 1]"
110063613102025065040212578,1280,963,220.06476179877467,4,"[0, 3, 4, 7]"
110063613102025065051137984,1280,963,389.81230112860095,4,"[0, 4, 6, 6]"
110063613102025065308576328,1280,963,372.62848496403967,4,"[0, 2, 2, 5]"
110063613102025065320536971,1280,963,173.07693562431552,0,[]
110063613102025065621397261,1280,963,531.4998097733319,4,"[0, 6, 3, 4]"
110063613102025065628933819,1143,444,120.0606947491023,4,"[0, 2, 4, 8]"
110063613102025072758441897,1204,1600,211.06255850674313,0,[]
110063613102025073620161996,833,402,216.77490923310918,0,[]
110063616102025040631729880,1219,553,6142.95325629228,4,"[0, 4, 7, 4]"
110063621012026062958718190,1280,576,225.9827472180772,4,"[0, 1, 6, 5]"
110063621012026074252201080,1280,479,212.24994231472658,4,"[0, 5, 6, 5]"
110063621012026074304829393,1920,864,488.0005238455183,4,"[0, 7, 8, 2]"
110063621012026074436172754,1920,864,144.41216482014502,0,[]
110063621012026074443966466,1280,585,71.49528200208475,4,"[0, 4, 6, 8]"
110063621012026074515675744,960,1280,27.06193263052238,4,"[0, 8, 2, 6]"
110063621012026074522212552,682,1280,94.63815407844444,0,[]
110063621012026074549522717,1600,900,162.31301392314043,4,"[0, 6, 4, 2]"
110063621012026074555572412,1600,709,26.181923388788537,4,"[0, 7, 2, 4]"
110063621012026074624698305,1920,864,611.3966147803635,4,"[0, 4, 7, 2]"
110063621012026074631025274,1600,657,60.8465394924817,0,[]
110063621012026074758181262,900,1600,233.9932182744748,4,"[0, 8, 5, 8]"
110063621012026074806051776,1600,671,67.4835106961605,4,"[0, 6, 6, 5]"
110063628032026110445959116,1600,900,36.99913263617621,0,[]
110063628032026110806432193,899,645,312.00893049031123,4,"[0, 8, 8, 5]"
110064605112025063027747512,1440,1920,61.468803132619854,4,"[0, 5, 5, 5]"
110064605112025063212546313,1440,1920,145.86584521634754,4,"[0, 7, 4, 3]"
110064605112025063339939721,1440,1920,368.3269754466116,4,"[0, 7, 2, 6]"
110064605112025063510145845,1920,1440,530.7384349558417,4,"[0, 4, 4, 8]"
110064605112025063650007833,1440,1920,255.22960827288205,4,"[0, 7, 6, 1]"
110064605112025063734237909,1440,1920,58.43277316321017,4,"[0, 7, 3, 1]"
110064605112025064518005553,1920,1080,246.1368908102635,4,"[0, 8, 1, 1]"
110064605112025071201572192,1920,1080,1041.9773348566723,4,"[0, 3, 2, 2]"
110064605112025074048120611,1920,1080,382.68308014334053,4,"[0, 7, 3, 7]"
110064621012026062736902903,1204,1600,535.6729987108114,0,[]
110064621012026062752764670,1204,1600,9.48490705711434,3,"[0, 7, 8]"
110064621012026064925462644,1920,1440,530.7636074869268,4,"[0, 5, 4, 5]"
110064621012026064936200815,1440,1920,4143.222833567301,0,[]
110064621012026065038824498,1440,1920,58.43404664866117,4,"[0, 3, 5, 8]"
110064621012026065044912876,1920,1440,263.48865518301295,0,[]
110065427012026070120718413,900,1600,2358.695133094676,4,"[0, 8, 1, 8]"
110066002102025123308116927,1156,651,11976.822893830802,2,"[0, 8]"
110066002102025123534458402,1156,651,11812.3473938025,3,"[0, 7, 7]"
110066002102025123816997040,1156,651,11297.067075404066,2,"[0, 7]"
110066002102025124023199322,1156,651,11362.461296200398,0,[]
110066002102025124232624460,1156,651,12511.28213032212,0,[]
110066002102025124508392868,1156,651,11174.805986385292,3,"[0, 6, 8]"
110066002102025124622012143,1156,651,10811.341568282625,2,"[0, 4]"
110066009092025082500965964,1500,1920,17.726705554096736,0,[]
110066016092025033900982951,899,1599,63.158197391048034,4,"[0, 2, 8, 3]"
110066017032026050006051104,899,1599,448.97954225314555,3,"[0, 6, 5]"
110066017032026050739387880,899,1599,174.17178679628012,4,"[0, 8, 2, 2]"
110066019022026011446151982,1200,1600,1487.9473759155203,2,"[0, 5]"
110066019022026011503627582,1200,1600,352.165289979837,4,"[0, 7, 6, 7]"
110066021102025113620296862,1600,900,514.6531374612804,0,[]
110066021102025113639904137,900,1600,162.0869687492665,4,"[0, 1, 6, 4]"
110066021102025115800819105,900,1600,279.29868746587766,4,"[0, 8, 1, 6]"
110066021102025115822409795,1600,900,500.682383291319,3,"[0, 7, 8]"
110066021102025120808037436,900,1600,508.37455138462764,4,"[0, 4, 7, 6]"
110066021102025120823019441,1600,900,523.8577688523997,0,[]
110066021102025121101990453,1600,900,590.1956163170814,4,"[0, 1, 6, 3]"
110066021102025121152167475,900,1600,174.7611574531014,0,[]
110066021102025121340643127,900,1600,554.2294387057286,4,"[0, 3, 3, 8]"
110066021102025121353298027,1600,900,606.7897058331771,3,"[0, 6, 5]"
110066026022026062731024331,899,1599,169.95750832084525,4,"[0, 2, 1, 3]"
110066026022026062941913655,899,1599,113.79413071943156,4,"[0, 2, 5, 4]"
110066026022026063657719678,1599,899,364.25969966503885,4,"[0, 7, 2, 3]"
110066026022026064213234933,602,899,269.9737679320411,4,"[0, 3, 7, 6]"
110066026022026064225604589,899,1599,111.63667814065153,4,"[0, 7, 5, 6]"
110066026022026064407274650,899,1599,162.01156937469582,4,"[0, 4, 2, 7]"
110066026022026064417837914,899,1599,144.9755206618801,4,"[0, 6, 2, 3]"
110066028032026104054241243,899,1599,130.37503449903107,4,"[0, 8, 2, 3]"
110066029092025053849177388,1280,720,1013.1550507151239,0,[]
110066029092025054100378129,1280,720,698.3493540749432,4,"[0, 6, 8, 2]"
110066029092025054236899841,1280,720,1039.5323363289433,4,"[0, 4, 3, 5]"
110066029092025054252679692,1280,720,1666.7744056117576,0,[]
110066118092025090208948183,963,1280,386.35885173101735,4,"[0, 2, 1, 8]"
110066118092025090208983680,963,1280,688.3553941198916,4,"[0, 1, 6, 4]"
110066118092025090641939466,616,1280,379.0782665694441,4,"[0, 8, 1, 4]"
110066118092025090641957362,1488,1335,15.667641618080848,4,"[0, 8, 2, 2]"
110066118122025104718789551,686,1280,398.9172634672878,0,[]
110066118122025104718789565,963,1280,698.2067386477094,4,"[0, 6, 3, 2]"
110066118122025104819129811,738,1280,178.16024475028627,4,"[0, 3, 8, 1]"
110066118122025104819166510,963,1280,589.5473995600845,4,"[0, 3, 8, 6]"
110066118122025104908786004,836,1280,233.6012935182858,4,"[0, 2, 7, 7]"
110066118122025104908788784,963,1280,469.8715883286144,4,"[0, 8, 5, 1]"
110066126092025120615804783,1280,1086,50.170487682890226,0,[]
110066126092025120615881821,1280,936,433.0185153662665,0,[]
110066126092025121116035934,767,1280,342.53365180574247,4,"[0, 1, 5, 4]"
110066126092025121116064226,1280,1194,975.0337142088773,4,"[0, 8, 8, 4]"
110066128102025065255498004,867,1156,321.039633721439,3,"[0, 4, 4]"
110066128102025065255851188,720,1280,6914.813766519504,1,[0]
110066129012026090529625734,1204,1600,54.79379193384204,0,[]
110066129012026090606955999,1080,1404,31.063352343720958,4,"[0, 6, 5, 3]"
110066129012026090638421545,1204,1600,58.10443935643021,0,[]
110066129012026090715641671,1204,1600,251.3644330901727,4,"[0, 1, 6, 4]"
110104011092025022024378452,1280,960,871.768848428328,0,[]
110104011092025022024405463,1280,960,256.99062007967365,4,"[0, 5, 5, 1]"
110104011092025022024427989,1280,960,330.48077414823905,4,"[0, 2, 2, 8]"
110104017102025051726953214,720,1280,131.12080049392796,4,"[0, 1, 6, 2]"
110104017102025051816119026,960,1280,640.7004132785373,4,"[0, 6, 6, 3]"
110104025082025122918196052,576,1280,2002.6216660623122,0,[]
110104025082025122918306511,720,1280,2097.0500064084263,3,"[0, 1, 5]"
110104029092025064731977038,1280,890,608.3528507330128,4,"[0, 7, 2, 3]"
110104029092025064731986517,1280,960,243.82512031235626,0,[]
110104029092025064731987260,960,1280,1759.8248905329997,3,"[0, 1, 7]"
110104029092025064731988553,1280,960,678.7097514702451,2,"[0, 6]"
110104029092025064732020097,1080,1920,411.02182098754173,4,"[0, 5, 3, 5]"
110113613032026113912308548,1600,993,176.88325579173767,4,"[0, 3, 1, 4]"
110113613032026113912603025,899,1599,277.5562324180505,4,"[0, 8, 5, 3]"
110113613032026124951540574,321,712,1766.2480340970947,3,"[0, 4, 2]"
110113613032026125030499902,900,1600,351.7762867910803,4,"[0, 7, 3, 4]"
110113624022026113814748137,1600,878,68.3762786799387,4,"[0, 5, 2, 3]"
110113624022026113828531492,1600,1461,195.77604163484438,4,"[0, 6, 6, 2]"
110113624022026113946550100,1432,828,51.91810632100339,4,"[0, 7, 8, 8]"
110113628012026034332538935,899,1599,296.42344733244516,0,[]
110113628012026034333014515,1600,1533,920.2541059494741,0,[]
110126411082025121527414549,1600,900,80.09716385215278,3,"[0, 1, 8]"
110126417072025123642590910,1280,575,408.1783124401879,0,[]
110140610102025065252342229,1129,751,5496.886805065327,4,"[0, 3, 2, 3]"
110140619112025064409874576,1200,1600,313.4300072911415,0,[]
110140620032026071622579813,1280,597,150.9129383409552,0,[]
110140620122025103603290023,1280,960,19.67294917534722,3,"[0, 3, 3]"
110140625032026082215964010,1536,1536,30.646329135236613,4,"[0, 5, 4, 3]"
110140625122025022951552764,747,1600,159.55765319778666,0,[]
110140631102025123733050596,900,1600,148.72444579869597,4,"[0, 2, 8, 6]"
110140631102025124207344630,1600,900,197.97664059996092,0,[]
110152406042026071523631391,1600,900,3897.5095312570816,0,[]
110152411032026013410694954,899,1599,92.27244571064394,4,"[0, 7, 8, 4]"
110152411032026013420563797,1080,1581,124.1952813212488,3,"[0, 7, 7]"
110152413122025021841291749,1280,575,1078.750520614808,4,"[0, 7, 8, 7]"
110152413122025021845554929,575,1280,382.35328274720695,4,"[0, 1, 6, 7]"
110152416032026020842755386,1600,899,721.1912676114529,1,[0]
110152416032026020935917478,1600,899,5057.142161098531,0,[]
110156023032026041659220380,900,1600,1449.5161673840234,2,"[0, 2]"
110157402042026063551114074,1600,900,3042.0421041652608,1,[0]
110157402042026063602631357,900,1600,223.75281662268324,4,"[0, 8, 2, 4]"
110157402042026064226060902,1600,900,1934.534657153738,0,[]
110157402042026064226066649,1600,900,235.52708720127265,4,"[0, 4, 1, 3]"
110157402042026064444900666,1600,900,2889.4208219395136,2,"[0, 7]"
110157402042026064444915883,1600,900,3891.392119629437,0,[]
110157402042026064646319058,900,1600,274.125396185856,0,[]
110157402042026064646320993,900,1600,4351.394580593224,0,[]
110157405032026014357911356,1280,960,141.69612001474633,4,"[0, 8, 6, 8]"
110157405032026014357997402,960,1280,485.6270449605915,4,"[0, 8, 8, 5]"
110157406082025115957874457,1600,900,233.45922847211372,0,[]
110157418102025124016630353,1600,900,2855.348985325729,4,"[0, 7, 8, 7]"
110157418102025124018580312,1440,1920,2021.752463279875,1,[0]
110157420082025015146540546,1920,1440,663.5131994421557,4,"[0, 8, 8, 1]"
110157420082025015205819779,1440,1920,246.9263775423759,0,[]
110157428072025032411085350,900,1600,824.3138115819054,4,"[0, 5, 5, 8]"
110157428072025032451843985,1600,900,521.8253656046219,4,"[0, 5, 2, 7]"
110165408092025122600540011,1280,576,86.99312464210539,4,"[0, 6, 7, 3]"
110165408092025122600810417,576,1280,375.0567402262085,4,"[0, 8, 8, 2]"
110165408092025122601053013,576,1280,239.6044070453923,4,"[0, 7, 6, 3]"
110165408092025122601091430,576,1280,552.476058237457,0,[]
110165408092025122601126481,576,1280,826.7199813838064,0,[]
110165409092025010008393945,1600,728,388.3158808029752,3,"[0, 6, 2]"
110165409092025010008394090,728,1600,104.49637188753576,4,"[0, 6, 5, 7]"
110165409092025010008466350,728,1600,2746.0393075196343,1,[0]
110165409092025125848987438,1280,576,582.8901902232935,0,[]
110165409092025125849112582,576,1280,6202.756056618132,2,"[0, 7]"
110165409092025125849136805,576,1280,6740.992399864659,1,[0]
110165422112025031943006975,576,1280,316.1792398322953,4,"[0, 2, 5, 5]"
110165422112025031943740759,1280,576,193.05589105629625,4,"[0, 8, 7, 5]"
110165422112025031943845998,576,1280,972.5337615585328,4,"[0, 3, 2, 5]"
110165424092025115548222308,728,1600,185.44651574678358,0,[]
110165424092025115548323826,728,1600,2932.149177125199,1,[0]
110165424092025115548357160,728,1600,2803.417573676734,2,"[0, 5]"
110165425082025123845302889,1920,1080,160.86975830354206,3,"[0, 5, 8]"
110165427032026052824738257,899,1599,57.365013245044906,4,"[0, 3, 8, 6]"
110165427032026052824773286,899,1599,90.26825006215057,4,"[0, 5, 3, 3]"
110165427032026052824773561,899,1599,58.82382817508667,0,[]
110165427032026052824782622,1599,899,324.1291394429638,0,[]
110165427032026052824981992,1920,1080,378.21225019271895,0,[]
110168605032026010353983387,1600,720,87.22347842814126,4,"[0, 1, 2, 1]"
110168605032026010612627132,1600,720,475.868549980104,4,"[0, 5, 7, 3]"
110168605032026011922232077,899,1599,163.67702491558745,4,"[0, 8, 5, 7]"
110168605032026011928802601,899,1599,34.73520085643798,0,[]
110168605032026012021905306,899,1599,13.33303606563326,0,[]
110168605032026012031977571,899,1599,581.520462783398,4,"[0, 3, 4, 7]"
110168605032026012116554333,899,1599,973.0164117870273,3,"[0, 7, 8]"
110168605032026012126039751,899,1599,958.8939761149552,4,"[0, 2, 1, 5]"
110168612032026050352312152,1600,676,193.92781954632193,4,"[0, 7, 5, 8]"
110168612032026050355918960,899,1599,776.4028274482981,3,"[0, 5, 6]"
110168612032026050404629517,1600,1200,690.0642100604069,0,[]
110168623102025063039390796,721,1024,986.3023394876074,0,[]
110168623102025063039465854,576,1280,608.4622706079465,4,"[0, 1, 7, 8]"
110168623102025063039678685,720,1280,1328.2328788806763,0,[]
110168631072025063325989225,900,1600,118.09361937259067,4,"[0, 2, 1, 2]"
110168631072025063335794302,1600,900,1037.075476876562,2,"[0, 1]"
110171212022026014143364153,718,1600,190.117784530582,0,[]
110171212022026014143376414,1600,718,541.9777072381928,4,"[0, 6, 3, 6]"
110171213112025122506336691,1280,720,516.2566365145353,0,[]
110176929092025063650608143,1600,702,691.2630328401859,4,"[0, 6, 3, 7]"
110176929092025063651504581,1600,702,1433.3094070430352,2,"[0, 5]"
110176929092025064346427607,1600,900,314.866511788329,4,"[0, 1, 6, 5]"
110180722092025063110962338,1280,576,102.43608587136791,4,"[0, 3, 6, 8]"
110180722092025063110962347,576,1280,408.333515469408,0,[]
110180722092025065651373277,576,1280,272.1511216101805,4,"[0, 4, 1, 5]"
110180722092025070105136861,1280,576,344.83221491839964,4,"[0, 4, 8, 6]"
110184418072025055925928834,1200,1261,25.044719638720366,4,"[0, 1, 8, 5]"
110184418072025055925931060,1600,797,55.52905112179368,0,[]
110185302042026060709952839,720,1280,32.435509982521154,4,"[0, 3, 8, 8]"
110185302042026124612205212,1600,1200,79.43133176362603,0,[]
110185302042026124632574678,1600,1200,83.66079825996067,4,"[0, 1, 6, 5]"
110185302042026124645751468,1600,1200,141.99546144472225,4,"[0, 5, 5, 8]"
110185309022026112056092111,918,1297,984.5311445793722,4,"[0, 5, 2, 1]"
110185310022026104527656797,900,1460,122.70431571276603,0,[]
110185319082025010701181487,1261,619,4528.697780667422,4,"[0, 3, 7, 2]"
110185330032026122611498093,1280,720,219.37651698267427,4,"[0, 1, 4, 5]"
110192003012026013701682297,1440,1920,822.5614814749174,0,[]
110192003012026013757166529,1440,1920,25.416232872621386,4,"[0, 7, 4, 8]"
110192003012026014024326082,1440,1920,65.73469943415206,4,"[0, 6, 4, 3]"
110192003012026014420247098,1440,1920,334.783490574155,4,"[0, 4, 2, 6]"
110192003012026014550863721,1920,1440,129.75461516165555,4,"[0, 8, 2, 8]"
110192003012026014726986723,1920,1440,507.1290488239382,4,"[0, 5, 8, 1]"
110192003012026014923464832,1920,1440,200.18583470212624,0,[]
110192003012026015115074256,1440,1920,1058.5066215518568,0,[]
110192003012026023550022099,1920,864,244.7422844031914,4,"[0, 4, 4, 8]"
110192003012026023550050836,1920,864,358.2331866192883,0,[]
110192003012026023550054202,1920,864,517.702931713736,4,"[0, 6, 8, 1]"
110192006032026084934627092,1200,1600,269.53933168907304,4,"[0, 7, 4, 5]"
110192006032026084934639248,1200,1600,301.7724654835926,4,"[0, 2, 6, 7]"
110192006032026084934928937,1200,1600,68.03736247187392,4,"[0, 6, 6, 8]"
110192008082025053150761318,720,1600,135.17402359483205,0,[]
110192008082025053506500376,1600,1200,741.0578755447132,2,"[0, 3]"
110192012012026015922381928,900,1600,260.627369152025,4,"[0, 4, 1, 2]"
110192012012026015922405403,900,1600,331.6324777461728,4,"[0, 3, 4, 8]"
110192023012026120401571115,1600,1200,128.25567758943984,0,[]
110192024032026063806170082,1200,1600,76.01647935025363,0,[]
110192024032026063806215274,1200,1600,107.08947495260308,4,"[0, 5, 3, 7]"
110192024032026063806254595,1200,1600,221.17621354127496,4,"[0, 2, 7, 3]"
110192024032026064341251091,1600,1200,157.85813407734267,0,[]
110192024032026064341251316,1600,1200,168.66534321906227,0,[]
110192024032026064341251449,1600,1200,729.4253524544138,4,"[0, 2, 1, 8]"
110192025082025010054568912,922,448,4473.646839029491,4,"[0, 5, 6, 3]"
110192031012026015316266489,1280,720,90.48771267587051,4,"[0, 8, 4, 4]"
110196507082025034950460376,1080,883,7501.007950395353,0,[]
110196509092025111951197369,1200,1600,158.33380677023413,4,"[0, 5, 8, 7]"
110196509092025111951202902,1200,1600,575.915649430169,0,[]
110196515112025011955438566,590,1280,323.30187884932656,4,"[0, 4, 3, 5]"
110198101042026050325230724,899,1599,118.03187649556182,4,"[0, 5, 3, 2]"
110198104042026112615179855,899,1599,1035.967587544092,4,"[0, 7, 4, 8]"
110198106032026061457595649,899,1599,66.11100929840111,4,"[0, 3, 6, 1]"
110198111032026015237189115,899,1599,406.31232951701844,4,"[0, 1, 1, 1]"
110198116082025023457538767,960,1280,76.8526993813614,0,[]
110198118082025063331935556,899,1599,259.1180660817973,0,[]
110198123032026033701342033,1280,960,613.6809436516655,4,"[0, 3, 3, 1]"
110198127082025112720446163,576,1280,153.72629123190305,4,"[0, 1, 2, 4]"
110198127082025112730259746,576,1280,204.84716917982624,4,"[0, 7, 2, 5]"
110207306102025104054184077,1204,1600,69.18244910708142,0,[]
110207327112025042803006576,900,1600,600.4918789862611,0,[]
110216126022026015835397008,1600,1084,124.87106289814592,4,"[0, 2, 6, 3]"
110217720012026104518219083,1920,1080,637.7867481222082,4,"[0, 2, 4, 5]"
110222605032026110414750817,1599,899,723.4229846977977,4,"[0, 6, 3, 1]"
110222605032026110520078388,1599,899,384.7336819278289,0,[]
110222605122025020048957201,1200,1600,198.03385397646457,4,"[0, 5, 7, 3]"
110222605122025020211311094,1600,1200,721.2747160419311,3,"[0, 8, 7]"
110222605122025020318108761,1600,1200,41.5008706166664,0,[]
110222605122025020435172757,1200,1600,91.99238967418593,4,"[0, 1, 4, 7]"
110222607022026105009172480,1600,1200,38.635647371581754,0,[]
110222607022026105009221161,1200,1600,130.09492026022107,4,"[0, 4, 5, 3]"
110222619022026032611402858,899,1599,50.905531176012936,3,"[0, 3, 2]"
110222622102025123421617018,1280,577,8412.888721356065,2,"[0, 1]"
110222624112025052028986594,960,1280,215.32166329239737,0,[]
110222624112025052036699762,1280,960,884.5604716561397,0,[]
110222626082025021523607059,1200,1600,332.5535431764103,0,[]
110222626082025021547974161,1200,1600,627.3019397497698,4,"[0, 6, 2, 1]"
110222626082025021824697440,1200,1600,1123.9909955235937,3,"[0, 8, 1]"
110222626082025021844622548,1200,1600,463.49495572195934,4,"[0, 1, 1, 8]"
110222626082025021906612968,1200,1600,1112.819075929978,0,[]
110222626112025103934768889,720,1280,268.5187933207194,0,[]
110222626112025103949374316,720,1280,2033.8741593568402,4,"[0, 6, 8, 3]"
110222626112025104552915413,720,1280,2811.328096766011,0,[]
110222626112025104558035546,720,1280,175.8071520797117,0,[]
110222626112025104701285560,720,1280,2188.5426252892767,4,"[0, 5, 7, 6]"
110228414102025041827150205,900,1600,365.31641146573304,3,"[0, 7, 6]"
110228414102025041939727440,900,1600,462.55349599073884,4,"[0, 8, 7, 7]"
110228414102025042035199000,900,1600,679.5320067881823,4,"[0, 1, 4, 2]"
110228414102025042100633244,1600,900,4789.7973185849605,3,"[0, 7, 1]"
110228414102025042140238317,900,1600,2693.1034138854125,2,"[0, 1]"
110228414102025042153455115,1600,900,3331.497772649004,1,[0]
110228414102025043154342388,900,1600,75.11950694437499,4,"[0, 1, 1, 5]"
110228414102025043155019844,900,1600,2606.877541979629,4,"[0, 8, 8, 4]"
110228414102025043155195077,900,1600,2671.0190441568634,1,[0]
110228430122025112852751942,1200,1600,352.6748195933583,0,[]
110228430122025112853516932,1600,1200,570.8017843044433,3,"[0, 2, 3]"
110234315092025034015717057,1200,1600,293.2602428247502,0,[]
110234704092025121826929460,720,1280,820.9138336139772,0,[]
110234704092025122041770658,720,1280,430.5006166301292,0,[]
110234704092025122135315354,899,1599,545.8330992362243,4,"[0, 8, 6, 6]"
110234704092025122234980399,720,1280,835.7139926703371,4,"[0, 2, 7, 6]"
110234726032026015425089942,1200,1600,1407.2652172958985,0,[]
110234726032026122142912817,1599,899,1934.829168104703,4,"[0, 7, 1, 2]"
110234727092025121657337098,1599,899,729.200655852235,1,[0]
110234731122025122047238530,720,1280,2081.971779826175,0,[]
110234731122025122142623767,720,1279,6017.768043303745,0,[]
110237512112025051711461213,960,1280,120.25618401293687,0,[]
110237512112025051711465996,960,1280,143.97537677644027,4,"[0, 7, 1, 5]"
110237516102025020028944806,1032,477,142.6940029264226,4,"[0, 8, 6, 7]"
110237516102025020028944819,1032,477,186.85848445536794,4,"[0, 8, 5, 6]"
110237516102025020029027484,1032,477,763.4174590360946,3,"[0, 6, 2]"
110237516102025020029032499,477,1032,191.57101945090702,4,"[0, 6, 3, 8]"
110237516102025020029032816,1032,477,605.8547862621157,2,"[0, 6]"
110237523012026012908202998,719,1599,180.5869520708155,4,"[0, 4, 4, 5]"
110237523012026012908203010,719,1599,178.28007930724579,4,"[0, 3, 2, 1]"
110237523012026012908268060,719,1599,1246.2870505386659,1,[0]
110237523122025021231649796,745,1600,1865.0445416424586,0,[]
110237523122025021232331646,1600,745,2172.602056388786,4,"[0, 5, 1, 2]"
110237523122025021232601459,745,1600,1798.1421771541823,3,"[0, 5, 4]"
110237523122025021233210611,1599,899,2045.5060600495829,1,[0]
110237523122025021233495572,899,1599,4851.619047140334,0,[]
110237527102025031204636655,748,378,950.9044894654194,4,"[0, 2, 4, 2]"
110237527102025031204636665,780,1040,83.57164322232673,4,"[0, 8, 8, 8]"
110237530122025121937092304,653,1160,396.1473764739356,0,[]
110237530122025121937122695,1160,653,233.74334360796874,4,"[0, 1, 8, 3]"
110237530122025121937830294,653,1160,2943.7805838679137,0,[]
110237530122025121938403515,864,1920,147.67279066742208,2,"[0, 3]"
110237530122025121938589872,1080,574,1790.6133032099303,1,[0]
110252924092025112322936081,720,1280,14.959410804690844,0,[]
110252924092025112323005026,1280,720,257.9366370896222,4,"[0, 1, 5, 6]"
110253603112025012504349667,1600,1200,256.39483177506514,4,"[0, 2, 6, 7]"
110253607112025020618728929,720,1280,318.3243587067204,2,"[0, 7]"
110253614012026061339181110,960,1280,197.89502757860555,4,"[0, 5, 6, 7]"
110253614012026061630080423,960,1280,777.5952434306437,3,"[0, 8, 2]"
110254028082025025431968568,1040,780,98.2298618553211,4,"[0, 6, 3, 6]"
110254029102025050149049162,963,1280,97.55970687354316,0,[]
110257202072025070651667706,864,1920,35.93377458123095,0,[]
110257711112025022506408103,900,1600,142.81921584411845,0,[]
110257711112025022506893618,900,1600,66.36705249628858,4,"[0, 6, 8, 5]"
110257711112025022507170346,900,1600,120.00967914246915,4,"[0, 7, 1, 5]"
110257720112025021752884468,720,1280,620.0230554551678,4,"[0, 8, 4, 5]"
110257720112025022019367932,1280,590,1225.5808407596526,0,[]
110257720112025022019400570,1152,864,143.8892391302422,0,[]
110257720112025022019470506,1152,864,222.41956588753447,0,[]
110257720112025022112317191,1152,864,50.72274028368753,0,[]
110257720112025022112395397,1152,864,368.0985264182091,4,"[0, 8, 7, 8]"
110257720112025022112471643,590,1280,1175.2912538260136,0,[]
110257720112025022112486200,1152,864,73.0017426563984,4,"[0, 3, 8, 2]"
110257724092025014040417954,899,1599,261.8296508715882,0,[]
110257724092025014040594422,1599,899,19.927378136622423,4,"[0, 3, 7, 8]"
110263722022026083616553366,1062,510,573.8401849803428,4,"[0, 7, 8, 4]"
110263722022026083616553386,1078,456,360.9747500011599,0,[]
110276310032026091750217163,1080,1920,511.82730084145624,4,"[0, 8, 5, 5]"
110278619082025012638941139,960,1280,1059.9643750838432,1,[0]
110278619082025012649715815,780,1040,132.00839743589134,4,"[0, 6, 5, 2]"
110278631072025013619041860,738,1599,2936.0876493778646,1,[0]
110278631072025013628273113,1599,738,1425.1769695376715,4,"[0, 4, 2, 4]"
110284407042026100801532849,1195,1726,317.03736822254405,0,[]
110284413112025094229086523,899,1599,1188.2349455879973,0,[]
110309728112025024432713980,648,1152,6861.698846224001,3,"[0, 4, 3]"
110309730032026082309149779,1280,960,6226.897754591512,3,"[0, 4, 2]"
110309730032026083748629148,1600,1371,7988.581442323349,4,"[0, 7, 7, 8]"
110309730032026084414331358,1600,719,6972.833832420261,0,[]
110309730032026084843574887,1600,719,5306.098454431763,1,[0]
110313919092025030741828927,1200,1600,23.18664739405816,4,"[0, 2, 3, 7]"
110313919092025030741896046,1200,1600,93.58149527714818,4,"[0, 8, 6, 4]"
110313919092025052117048068,1280,960,437.30341461991213,0,[]
110313919092025052117472071,1440,1920,581.8877155666895,0,[]
110313919092025052440415225,1440,1920,83.53799442779989,4,"[0, 7, 3, 2]"
110313919092025052440517743,1440,1920,293.87257953014614,4,"[0, 4, 6, 8]"
110313919092025052757161071,1440,1920,135.49817959349193,0,[]
110313919092025052757223148,1440,1920,102.24399250328145,4,"[0, 5, 5, 2]"
110313919092025053335756465,960,1280,109.19599036875765,4,"[0, 5, 5, 4]"
110313919092025053335787600,960,1280,514.9349976366652,0,[]
110313926092025010121738653,1200,1600,219.26912394954428,4,"[0, 1, 3, 5]"
110313926092025010121793811,1200,1600,153.45981189859347,0,[]
110313926092025125219438510,960,1280,104.21449706200495,4,"[0, 3, 3, 7]"
110313926092025125219446537,960,1280,284.69033767778006,0,[]
110313926092025125628496240,1440,1920,56.667743045734156,4,"[0, 8, 6, 2]"
110313926092025125628901629,1440,1920,545.1040759609264,0,[]
110313926092025125921020168,1200,1600,29.275869266991922,4,"[0, 5, 6, 4]"
110313926092025125921075550,1200,1600,168.65110937499026,0,[]
110325504022026013141359323,720,1280,83.82399548198441,4,"[0, 6, 7, 6]"
110325504022026013141365223,1280,720,345.55594069238236,0,[]
110325504022026013141367218,720,1280,22.21985131265028,0,[]
110325508102025040746990198,1599,899,672.8901340777138,0,[]
110325508102025041248277539,1200,1600,36.762819268385144,0,[]
110325508102025095004071670,1600,1200,942.566123763854,0,[]
110325513012026070512616104,1920,1440,167.88528098446764,0,[]
110325513082025043457666171,800,600,486.20355469860675,0,[]
110325514022026115121873850,1200,1600,89.29248592251928,0,[]
110325514022026115121899327,1200,1600,1278.2169218436416,0,[]
110325514022026115247930424,1200,1600,273.8380680662367,0,[]
110325514022026115437670362,1600,1200,34.388171837056206,0,[]
110325514022026115758519422,899,1599,22.307070363366545,0,[]
110325514022026115758527141,1599,899,144.87869499166246,0,[]
110325517102025111634506705,1280,720,148.17330703630682,0,[]
110325522072025043046014798,780,1040,197.4266672192714,0,[]
110325522072025043334804122,780,1040,112.40629720608807,0,[]
110326002022026110220759653,1080,1440,510.93469161188557,0,[]
110326002022026110307810255,1080,1440,795.8610113144209,0,[]
110326005112025112644477817,572,1280,129.77337045627303,0,[]
110326005112025112644713387,574,1280,932.1660015817494,0,[]
110326005112025113201143316,1156,517,307.84312550859556,0,[]
110326005112025113201277263,517,1156,793.3946256916537,0,[]
110326006042026112834988403,900,1600,1277.2516047135027,0,[]
110326006042026113019939541,900,1600,2495.006855650451,0,[]
110326006042026113138521262,900,1600,190.0442043182287,0,[]
110326015112025123747055220,900,1600,688.3798053083256,0,[]
110326015112025123747078973,900,1600,1255.4392109817472,0,[]
110326015112025123747079018,1600,900,2397.254265163711,0,[]
110326019022026123826552971,575,1280,3182.920593836949,0,[]
110326019022026124350506030,719,1280,638.3614259176343,0,[]
110326019112025115257428815,720,1280,565.5369031185279,0,[]
110326019112025115257893293,1440,1080,1333.9203237210768,0,[]
110328101042026032559138627,1920,1440,66.68507586775415,0,[]
110328101042026032624754571,1920,1440,287.98240848620264,0,[]
110328101042026032822793845,1920,1440,224.96686626142127,0,[]
110328101042026032938490176,1920,1440,1955.7779166628861,0,[]
110328101042026032953708963,1920,1440,367.9735062928371,0,[]
110328119022026023136439196,1200,1600,158.56789006478922,0,[]
110328119022026023136439212,1200,1600,29.99796769704427,0,[]
110328119022026023136518738,1102,1600,4510.863777232205,0,[]
110328119072025100052580216,720,1280,37.718446026267536,0,[]
110328119072025100126911741,720,1280,182.33956370204882,0,[]
110328119072025100252848852_page01,1240,1755,4565.681518087736,0,[]
110328119072025100252848852_page02,1240,1755,5031.553364578349,0,[]
110328121072025014938340796,1920,1440,923.9616492299942,0,[]
110328121072025015102273666,1920,1440,891.9160385750721,0,[]
110328124122025111520064378,1440,1920,477.7516002264893,0,[]
110328124122025111524159520,1440,1920,3356.90752703443,0,[]
110328124122025111524160682,1440,1920,3289.9786702724105,0,[]
110328124122025111524437159,1440,1920,6983.255464400605,0,[]
110328124122025115217281477,1040,524,595.856399978402,0,[]
110328124122025115217376403,1566,1080,66.63856886827774,0,[]
110330216102025034705349343,721,1600,148.13492183787926,0,[]
110330216102025035247139364,1280,960,900.897195017602,0,[]
110330231032026121109737716,720,1600,1023.5709043545976,0,[]
110330602092025023048204708,900,1600,218.72704349381945,0,[]
110330602092025023057823239,1204,1600,1390.6181358875717,0,[]
110330605022026105757075914,1600,1200,1150.6184905837401,0,[]
110330605022026105810188410,1200,1600,780.134599844961,0,[]
110330605022026110419709792,899,1599,180.30294445953035,0,[]
110330605022026110420121309,1600,1200,190.485296159557,0,[]
110330607022026010336960446,1200,1600,360.72819895731095,0,[]
110330609122025034009259630,1599,899,128.9606217037737,0,[]
110330609122025034009338925,960,1280,415.2130235099554,0,[]
110330616092025050931454666,899,1599,148.76396262475137,0,[]
110330616092025050950642983,899,1599,109.74382937620462,0,[]
110330620012026105030167104,715,1600,87.45031167449432,0,[]
110330620012026105030610959,899,1599,116.28717127691725,0,[]
110330624022026112339509367,1600,1200,303.1743722135145,0,[]
110330624022026112839247514,1575,757,90.45652889535889,0,[]
110330624022026112839823757,1599,854,378.26826989600926,0,[]
110330625112025010509632722,1280,960,115.72153155211342,0,[]
110330625112025010509716623,1280,960,714.4853111080163,0,[]
110330625112025010509725449,960,1280,493.19172361585834,0,[]
110330630102025010308965957,828,1210,614.9113442042881,0,[]
110330630102025010647778950,960,1280,156.7566347467396,0,[]
110330631012026122917087220,1280,960,588.5390112880542,0,[]
110330631012026122917890445,1280,960,413.27619395951166,0,[]
110330631012026123313100113,1280,960,1448.2318782475731,0,[]
110330631012026123827603706,1200,1600,355.35795964951143,0,[]
110330631012026123827668218,1280,960,301.94458766697176,0,[]
110336605122025041733674876,900,1600,132.57162139384212,0,[]
110336605122025041747195983,1600,900,347.60538649304345,0,[]
110336607082025021615473568,899,1599,98.65655326023561,0,[]
110336607082025021620970706,899,1599,43.54880445960983,0,[]
110336607082025022220252343,899,1599,43.723396911845455,0,[]
110336607082025022220305704,899,1599,99.05930768153713,0,[]
110336614112025095527184418,1280,720,168.59181521871946,0,[]
110336614112025095527234071,899,1599,45.01353440414709,0,[]
110336617012026054035103382,1920,1440,260.1603399572269,0,[]
110336617012026054053364241,1920,1440,274.38009141009286,0,[]
110336620122025053753694737,900,1600,75.42926735405044,0,[]
110336620122025053816535728,899,1599,210.06407785728686,0,[]
110349603032026115840189561,749,1294,374.34503522197133,0,[]
110349603032026115840209342,1170,1697,208.18243758271242,0,[]
110349603032026115840224197,1200,1600,2094.5959515501927,0,[]
110349610102025081948150007,1200,1600,50.69746867777344,0,[]
110349610102025081948186340,1200,1600,693.4589191298174,0,[]
110349611022026124131988508,899,1599,422.13227806822323,0,[]
110349611022026124212108847,899,1599,575.2099114511889,0,[]
110349611022026124606470963,899,1599,144.30337093549744,0,[]
110349611022026124606471078,899,1599,321.28755382831304,0,[]
110349611022026124939661087,899,1599,101.9033404375932,0,[]
110349611022026124939668425,899,1599,739.057759394316,0,[]
110349611022026125908739825,899,1599,572.9948880970157,0,[]
110349612082025025856650448,720,1280,486.3993364701154,0,[]
110349612082025025856681037,961,1280,87.09723917019828,0,[]
110349612082025025856685112,961,1280,81.67434214391254,0,[]
110349612082025025856685836,1280,961,270.8936400646936,0,[]
110349612082025025856688333,961,1280,189.05389737084238,0,[]
110349612082025101206613271,1200,1600,695.8170118381507,0,[]
110349612082025101211538669,1200,1600,50.693563989993216,0,[]
110349617102025040220947097,720,1280,102.31224610278753,0,[]
110349617102025040220948217,720,1280,780.1759841561953,0,[]
110349623102025082641769815,960,1280,552.675369396623,0,[]
110349623102025082641906453,960,1280,1241.9881194043946,0,[]
110349624122025011041350790,1440,1920,103.48707320560827,0,[]
110349624122025011041350803,1920,1440,65.58889137070844,0,[]
110349624122025011147876924,1440,1920,18.743319707777733,0,[]
110349624122025011147886440,1440,1920,116.6433452564442,0,[]
110349628112025102847053863,738,1600,717.4501654576085,0,[]
110349628112025102847069539,1600,721,571.1449676849139,0,[]
110358127112025081556117176,1280,720,122.40144838252597,0,[]
110358127112025081615665378,960,1280,2024.048589871639,0,[]
110393918112025045207062600,1200,1600,2180.3071994938273,0,[]
110393918112025045207586944,1200,1600,203.24772184062067,0,[]
110393918112025045229810490,926,511,473.37641950415065,0,[]
110406102072025125023327609,1280,960,483.8493879330847,0,[]
110406102072025125023327612,960,1280,330.7525545237323,0,[]
110406106122025094554766826,1280,720,106.72939338971244,0,[]
110406124092025014740448171,1599,899,9.60351049196533,0,[]
110415014032026010843590218,577,1280,210.99482398760293,0,[]
110415017122025061409955376,1599,899,318.9644318363117,0,[]
110415017122025061809014929,1280,720,284.4330348449413,0,[]
110415017122025062033439866,1599,899,201.13427730048323,0,[]
110415017122025062248491680,1280,720,155.20800996149794,0,[]
110415017122025062516434594,720,1280,128.4853216433478,0,[]
110415017122025062633475713,1599,899,559.215941804214,0,[]
110429110122025022842454711,1280,960,105.513957516002,0,[]
110429110122025022900091588,960,1280,362.8765745711267,0,[]
110429110122025023139804286,1280,960,187.90819491485755,0,[]
110429110122025023140786521,960,1280,1023.8829399407281,0,[]
110429110122025023529947082,1280,960,259.82440458962054,0,[]
110429110122025023530037709,960,1280,214.61076107749938,0,[]
110429110122025024646099102,960,1280,243.486187361304,0,[]
110429110122025024646559146,960,1280,214.75445953156157,0,[]
110429110122025025311391836,1440,1920,63.06301638963016,0,[]
110429110122025025321072611,1920,1440,243.32343166752554,0,[]
110429110122025030135672238,1280,960,202.31663940308823,0,[]
110429110122025030825017776,960,1280,180.80511718717946,0,[]
110429110122025030928413946,1440,1920,909.4058795822201,0,[]
110429115122025020105764522,960,1280,64.69683168175419,0,[]
110429123032026114234842027,900,1600,28.83729015430363,0,[]
110429123032026114236629643,1500,1344,634.0262779271362,0,[]
110432406042026010615659730,1600,1200,115.01035205956597,0,[]
110432406092025043633161609,1440,1920,677.0862684599637,0,[]
110432410092025030441640936,900,1600,222.48960428287762,0,[]
110432411082025025829584204,1200,1600,225.1805600872385,0,[]
110432411082025030202167343,1080,1920,522.0618016209053,0,[]
110432412082025040249757040,1440,1920,2947.8792429463315,0,[]
110432417102025060926107139,1280,720,150.82903452461028,0,[]
110432428022026120400364269,1600,718,33.36289952519715,0,[]
110459202012026054155948950,1920,1440,91.5467787415116,0,[]
110459217022026045828915434,1440,1920,149.15789597136768,0,[]
110459217022026050041564909,1440,1920,152.5588599873472,0,[]
110459217022026050212280770,1920,1440,251.9767370137186,0,[]
110459217022026050403835911,1920,1440,126.58601887975293,0,[]
110459219022026122634703196,1600,720,23.360194418933254,0,[]
110459227112025121419303562,1600,720,30.869885104154612,0,[]
110459230032026023220896832,1560,1560,23.765852632570482,0,[]
110478502042026092438862404,1200,1600,173.6366645762142,0,[]
110478502042026092700728041,1200,1600,398.2209387031247,0,[]
110478506012026111126770486,853,1150,994.4942536357376,0,[]
110478506012026111126801348,861,1152,261.5204410021243,0,[]
110478508102025023805111047,718,1280,45.21604056092608,0,[]
110478508102025024513585412,1200,1600,344.48474321068767,0,[]
110478508102025024513654580,1200,1600,977.4018713302384,0,[]
110478508102025024513664524,1600,1200,827.6257718749956,0,[]
110478512032026071710520920,1920,1129,592.1278924623278,0,[]
110478512032026071710741799,1920,1129,941.6904182862266,0,[]
110478512092025122946212477,960,1280,2818.195929555654,0,[]
110478512092025122946351836,960,1280,4271.179471346513,0,[]
110478512092025122946368688,1600,1200,683.9279143196084,0,[]
110478512092025122946431488,960,1280,5584.701662483849,0,[]
110478512122025022222968274,1080,754,72.76575204611113,0,[]
110478516012026093633027898,900,1600,671.1073258430382,0,[]
110478516012026093633453235,1600,900,961.2437152117574,0,[]
110478518022026062550560032,1280,720,138.9652304557506,0,[]
110478518022026062550711394,1280,720,742.6643174483676,0,[]
110478521122025043725792201,1200,1600,124.56812327426648,0,[]
110478522112025021408853610,960,1280,154.51533733697468,0,[]
110478522112025021408875667,960,1280,527.922774059889,0,[]
110478522112025021409059498,574,1280,621.6954348693788,0,[]
110478523032026023943906979,960,1280,1036.092111740297,0,[]
110478525112025032359783705,960,1280,215.06946384264361,0,[]
110478525112025032359828363,1280,720,247.07153713570585,0,[]
110478525112025032359884845,1280,720,159.71475130643375,0,[]
110480501022026074506751615,1536,1536,1159.885610130098,0,[]
110480501022026074506880885,1600,1600,547.4404624984124,0,[]
110480501022026074506938929,1600,1600,939.367350361218,0,[]
110480504032026074906778057,1599,899,696.1903941078153,0,[]
110480504122025050708313632,1599,899,5652.384828948831,0,[]
110480504122025050714841875,899,1599,1483.0895654219496,0,[]
110480505022026084711074380,1280,960,585.7651164321097,0,[]
110480505022026084713277848_page01,1240,1755,4991.55389846296,0,[]
110480505022026084713277848_page02,1240,1755,3292.9907131560153,0,[]
110480505022026084713277848_page03,1240,1755,3280.6027118076777,0,[]
110480507022026011005966909,1599,899,68.8000626684056,0,[]
110480513012026074701065092,1200,1600,2153.0157838673435,0,[]
110480513012026074936082372_page01,1240,1755,4849.668979091509,0,[]
110480513012026075006887983,1200,1600,1021.6231738547298,0,[]
110480513012026083117344272,1599,899,129.67506285865937,0,[]
110480513012026083250069137,1280,960,307.00626024839016,0,[]
110480513012026083300656134,1280,960,78.49854648894667,0,[]
110480516102025072150307328,1280,720,2510.6527488494576,0,[]
110480516102025072209567258,720,1280,2970.5886913044824,0,[]
110480516102025072219913133,738,1600,348.7950199746992,0,[]
110480516102025072231666866,591,1280,4870.603680330541,0,[]
110480516102025072242432911,1280,720,8013.2595703505895,0,[]
110480518082025020331874043,720,1280,205.93487160305446,0,[]
110480518082025020341019775,1215,1600,3862.797308820238,0,[]
110480518082025020349962759,720,1280,3146.9979021847143,0,[]
110480524032026031729074250,842,380,635.206290725464,0,[]
110480524032026031752540790,1200,1600,538.3341488792317,0,[]
110480524032026031753504972_page01,1240,1755,4715.715246760405,0,[]
110480526012026053927769136_page01,1240,1755,5171.443454039677,0,[]
110480526012026054209383857,899,1599,1492.7576789464745,0,[]
110480526012026054218933248,899,1599,1876.6005232739296,0,[]
110480526012026054235530368,899,1599,4262.517680630924,0,[]
110480529092025050939530577,899,1599,31.442288862119963,0,[]
110480529092025050939596596,1080,1415,1806.9544460556335,0,[]
110480529092025050939619159,1042,1566,8192.233802127972,0,[]
110513801072025113459306449,1280,704,358.6218071156285,0,[]
110513804112025071236016458,480,640,8814.956414487193,0,[]
110513804112025071330379990,480,640,6865.589848246087,0,[]
110513815022026091013490034,1600,1200,87.28685512019858,0,[]
110513815022026091053301351,1200,1600,621.2490650989256,0,[]
110513815022026091347880596,1280,960,564.8686594397697,0,[]
110513815022026091434927168,1200,1600,181.61961559509982,0,[]
110513817122025025422903877,1200,1600,271.8517312489572,0,[]
110513820112025030816936765_page01,1240,1753,197.2975728244668,0,[]
110513820112025030816936765_page02,1240,1753,394.60894687448246,0,[]
110513820112025030816936765_page03,1240,1753,147.25694477669617,0,[]
110513820112025030816936765_page04,1240,1753,110.02811033619786,0,[]
110513820112025030816936765_page05,1240,1753,121.02431131884511,0,[]
110513820112025030816936765_page06,1240,1753,110.19896214783873,0,[]
110513820112025030816936765_page07,1240,1753,606.9027022799625,0,[]
110513820112025030816936765_page08,1240,1753,160.60103141158936,0,[]
110513820112025030922461752_page01,1240,1753,115.51764256665992,0,[]
110513820112025030922461752_page02,1240,1753,99.91155254586607,0,[]
110513820112025030922461752_page03,1240,1753,181.2974026093517,0,[]
110513820112025030922461752_page04,1240,1753,85.89578970612591,0,[]
110513820112025030922461752_page05,1240,1753,147.51654950959644,0,[]
110513820112025030922461752_page06,1240,1753,478.02113151647865,0,[]
110513820112025030922461752_page07,1240,1753,269.62161639953626,0,[]
110513822082025120304903354,474,408,663.8679107577595,0,[]
110524911112025055741635517,1280,720,695.6516905673827,0,[]
110524913122025021909250812,728,1600,302.86332205190905,0,[]
110529906112025083307467223,1280,960,225.70946608702076,0,[]
110529915022026111828054152,1280,960,227.28415673679513,0,[]
110529915022026112117208248,1280,960,817.1418779539897,0,[]
110529916092025114734471896,1280,960,352.1352647646739,0,[]
110529922122025053021746783,960,1280,368.5747614462846,0,[]
110535015122025041603431504,960,1280,388.5563190868689,0,[]
110535015122025041608240002,960,1280,110.34239224408466,0,[]
110542413082025090408708775,1280,720,102.87976813232869,0,[]
110542413082025090419377816,1280,720,457.41360077021915,0,[]
110542413082025090429816138,1600,720,78.93916196241967,0,[]
110542413082025091306443715,540,1073,263.1463664876165,0,[]
110542414082025094057048172,1599,899,371.3245722959323,0,[]
110542414082025094107054981,1599,899,231.64785030391423,0,[]
110542414082025094114560867,899,1599,51.59788290371995,0,[]
110542416102025022019456586,1920,858,9826.383986128989,0,[]
110542416102025022033076139,858,1920,1912.150760142973,0,[]
110542419082025114807818821,899,1599,43.97084898156265,0,[]
110542419082025114819040703,899,1599,61.26082593605404,0,[]
110542419082025114831505417,899,1599,150.11737035257426,0,[]
110542422082025012736326359,1599,899,134.1929925479001,0,[]
110542422082025012755080688,899,1599,42.31274128632668,0,[]
110542422082025012805224560,1599,899,53.08680666885117,0,[]
110542422082025040358881288,899,1599,74.36928317635048,0,[]
110542422082025040408463853,899,1599,42.85150613218335,0,[]
110542422082025040417202325,899,1599,43.10269964034102,0,[]
110542428112025114122728431,1600,1200,181.36510686424452,0,[]
110542428112025114134899925,1200,1600,249.12333557681316,0,[]
110575501122025024706470206,720,1280,355.96192917510143,0,[]
110575501122025024752655625,1280,720,1271.2633183654739,0,[]
110575503102025103932015846_page01,1240,1755,6978.974725668407,0,[]
110575503102025103934159379,1600,1200,663.2499160438995,0,[]
110575503102025103934178012,1600,1200,1018.0806107991493,0,[]
110575503102025104404761052,720,1280,289.2680139268475,0,[]
110575503102025104505543207,720,1280,362.96698133337236,0,[]
110575503102025104534613354,1280,720,605.9392201424305,0,[]
110575503102025104534672439,1280,720,3239.268735769737,0,[]
110575507022026025359905330,1599,899,1192.4477436836867,0,[]
110575507022026025359905341,899,1599,1441.361462212433,0,[]
110575507022026025702038997,1599,899,176.93874190219765,0,[]
110575507022026025733924146,1599,899,330.68676886853433,0,[]
110575510102025010538238485,1156,516,1651.2910720385996,0,[]
110575510102025010538246598,720,1280,970.8717350399335,0,[]
110575510102025010538251774,1280,720,796.5078564078143,0,[]
110575510102025015028316133,720,1280,495.719171620004,0,[]
110575510102025015028316553,720,1280,2528.6593552817344,0,[]
110575510102025015028333501,1600,1200,3316.9171521124613,0,[]
110575510102025015933944412,899,1599,161.0656589977597,0,[]
110575510102025015933961387,899,1599,268.2474098744864,0,[]
110575510102025015933963053,899,1599,372.2138491526976,0,[]
110575519012026040116366930,1600,1200,4151.153456473554,0,[]
110575521082025032337305206,887,1920,104.85408515470989,0,[]
110575521082025032337305215,887,1920,97.52834047729907,0,[]
110575521082025032337355075,887,1920,185.61355641898487,0,[]
110575521082025032337360923,887,1920,192.8123079783686,0,[]
110575521082025032337362792,887,1920,263.02975507156395,0,[]
110575523022026122204704648,1599,899,306.0117229583604,0,[]
110575523022026122205044794,899,1599,243.85400703135696,0,[]
110575523022026122205174237,1599,899,436.46769566556355,0,[]
110575523022026122205508834,1600,717,260.20919065764195,0,[]
110575523022026122205563339,1599,899,172.0125452610252,0,[]
110575523022026122401951408,899,1599,254.34375401455492,0,[]
110575523022026122402087587,1599,899,297.870504180203,0,[]
110575523022026122611713368,1600,717,425.0899440876847,0,[]
110575527102025020049783533,720,1280,4158.563137897237,0,[]
110575527102025020057557686,720,1280,175.93459198374805,0,[]
110575527122025120015541141,720,1280,358.4568543152974,0,[]
110575527122025120015546638,1280,720,3134.319894310326,0,[]
110575531032026035351561178,1280,720,260.2239995682316,0,[]
110588104082025010546991088,1156,520,5622.347341095506,0,[]
110588104082025010604608061,1156,520,535.6524326564921,0,[]
110588104082025010731197760,1156,520,659.0547424263169,0,[]
110588104082025010731198507,520,1156,3953.010266450545,0,[]
110588108072025041530040433,576,1280,3388.659155806478,0,[]
110588115072025125841552156,1536,1536,379.74099053222415,0,[]
110588115122025123242737760,1280,720,248.93806908619138,0,[]
110588123122025115641281190,520,1156,756.1128006233779,0,[]
110588129072025121714257574,1280,720,1067.4684258303748,0,[]
110591808082025010433094679,1170,1547,428.7796474005415,0,[]
110591808082025125958617706,1170,1547,2701.8605533002333,0,[]
110591811032026073152865167,1600,1204,117.97267096450429,0,[]
110591811032026073313848060,1204,1600,33.93515923516555,0,[]
110591811032026073414011852,1600,900,50.3032867868398,0,[]
110591811032026073541407939,1600,900,174.47013949704427,0,[]
110591812112025010455033171,1600,1204,33.33687444807555,0,[]
110591815032026100546187462,1600,1200,1307.4369497266923,0,[]
110591815032026100757098924,1200,1600,1409.1305281236976,0,[]
110591820082025015954902799,1079,962,191.41235969972715,0,[]
110591820082025112326527799,1600,1204,779.8565509897094,0,[]
110591821032026122924447286,1599,899,34.00515337740391,0,[]
110591821032026123227675692,1280,720,76.45083428309758,0,[]
110591821032026123529523506,1280,720,273.2603211197735,0,[]
110591823022026100524504949,1280,1280,94.46754323461613,0,[]
110592502012026040357806931,899,1599,159.43749914783433,0,[]
110592515072025031927251014,1080,707,26.525352649694653,0,[]
110604702042026030729104744,1201,1600,31.039015308918948,0,[]
110604702042026030734098229,868,1156,1448.9449832730925,0,[]
110604727122025012958530900,1280,720,178.0080554537879,0,[]
110604727122025012958663001,720,1280,148.83592092607168,0,[]
110611202072025062531782038,651,1156,2162.066732399918,0,[]
110616206102025032654729020,960,1280,444.008785161733,0,[]
110616206102025032654907262,960,1280,648.7650745665206,0,[]
110616206102025032654932925,1280,960,304.9346889048153,0,[]
110616206102025032654945091,720,1280,342.6342761958546,0,[]
110616206102025032654989191,960,1280,231.78312366459102,0,[]
110616206112025123436895440,719,1600,272.8840373697912,0,[]
110616206112025123437298473,719,1600,765.2306144399605,0,[]
110616206112025123437733671,1600,719,326.4540299022769,0,[]
110616207032026080642308808,1600,1409,104.25897327947528,0,[]
110616207032026080738692055,1600,960,69.00452387064236,0,[]
110616228012026092124406839,1599,899,820.7087263600673,0,[]
110616228012026092124447312,1599,899,721.1349545020021,0,[]
110616228012026092124490865,1599,899,173.24750521749888,0,[]
110616228012026092124502827,1599,899,139.88661983581403,0,[]
110618105022026111355609814,1600,1200,2364.647296038537,0,[]
110618106032026012335239985,1600,1200,507.71263697506265,0,[]
110618106042026105835157476,1204,1600,144.79303875826423,0,[]
110618106042026111231958458,1600,1204,178.3322222760844,0,[]
110618106042026111824849051,1600,1204,154.82822150829944,0,[]
110618106042026112352088702,818,1227,4.444545397947604,0,[]
110618111092025063928720999,413,617,65.47394368988574,0,[]
110618118072025055620344985,1599,899,373.2107162889734,0,[]
110618123032026073212208837,899,1599,68.62865332023608,0,[]
110618123032026073917763373,1375,898,119.99725805218482,0,[]
110618123032026074247625743,1599,899,353.70632507091665,0,[]
110618123122025123603764346,1280,960,162.34605076773894,0,[]
110618123122025123604028477,1280,960,187.25502023855776,0,[]
110618123122025123604284967,1280,960,526.9592853266292,0,[]
110618123122025123604484409,960,1280,667.9278111608763,0,[]
110618123122025123604704620,960,1280,798.4267854898446,0,[]
110618126022026122306382488,1599,899,560.0990253224129,0,[]
110618130092025055034180858,1280,720,2206.8311771713256,0,[]
110622703012026094535151216,572,1280,2114.2734171554653,0,[]
110622703012026094903917375,1280,572,498.9715038787735,0,[]
110622703012026095119059797,1280,572,4026.715503636802,0,[]
110622703012026095407111299,572,1280,1642.8086992583649,0,[]
110622703012026095725782755,572,1280,1009.8570570758474,0,[]
110622705092025123822246501,864,1920,305.6556857662404,0,[]
110622710122025091831809785,572,1280,173.07314246872045,0,[]
110622710122025091855999450,572,1280,456.5364919214558,0,[]
110622711092025072301024706,572,1280,674.6804537259598,0,[]
110622722122025053446378885,1156,867,4009.620700724669,0,[]
110636406022026022847661012,900,1600,788.0127427886111,0,[]
110636406022026031451586839,899,1599,295.0135800616429,0,[]
110636406022026031935629340,899,1599,68.60641670516404,0,[]
110647814032026083831155354,899,1599,265.7128952967299,0,[]
110651107112025114420768377,1280,960,584.4042973923943,0,[]
110651107112025114420770654,1280,960,959.5712084817828,0,[]
110651107112025114428908570,1920,1080,512.2933960148292,0,[]
110651110112025111841166070,899,1599,77.16226661378435,0,[]
110651110112025111841166089,899,1599,154.93329029755859,0,[]
110651110112025111841199231,1599,899,75.82758525897923,0,[]
110651110112025111841199836,899,1599,125.07940909311795,0,[]
110651129092025051554183158,887,1920,5160.72925344095,0,[]
110651129092025051604622201,887,1920,304.94032477696015,0,[]
110651129092025051611910320,887,1920,84.01036968641651,0,[]
110651129092025051619478484,887,1920,3483.214701351655,0,[]
110651129092025051627691612,1920,887,1474.8064727463802,0,[]
110656608082025012133905487,899,1599,670.457374227106,0,[]
110656608082025012219995611,899,1599,508.82052322027045,0,[]
110656608082025012304041114,899,1598,230.59261838504347,0,[]
110656608082025012350452131,899,1599,129.45360419942037,0,[]
110656608082025012436080366,899,1599,289.9108976954852,0,[]
110656608082025012735639895,1600,672,338.5335324192696,0,[]
110656608082025012852118507,1600,328,355.8763887574912,0,[]
110656608082025012958042755,1600,706,278.090608212864,0,[]
110656617092025072619725531,960,1280,339.7822665472666,0,[]
110656617092025072919943836,960,1280,406.8332982526117,0,[]
110656617092025072920897898,1080,1920,598.0636447759479,0,[]
110666312022026030745549279,968,1920,2164.151750669313,0,[]
110666313022026023718261724,1080,1920,2247.7017288730167,0,[]
110666328082025034055181569,899,1599,3056.797474128098,0,[]
110666328082025034456742428,664,1280,1320.4042880694547,0,[]
110686502022026121547068180,1200,1600,23.67210754937066,0,[]
110686502022026121713249174,1200,1600,61.861182719665514,0,[]
110686506042026041031663830,1366,768,62.654589954144136,0,[]
110686507012026051437047583,899,1599,61.00873827008143,0,[]
110686511022026014727917279,899,1599,94.30807104674962,0,[]
110686511102025032614820628,1280,579,250.4950898036884,0,[]
110686902032026124640607513,739,1600,1945.7440112442916,0,[]
110686902032026124646873683,739,1600,1987.7797442738165,0,[]
110686902032026124910958489,739,1600,832.2720526022098,0,[]
110686902032026124917184015,739,1600,7477.040690678234,0,[]
110686902032026125042648555,739,1600,939.1611047041287,0,[]
110686902032026125048505526,739,1600,4263.259682366888,0,[]
110686902032026125439307065,739,1600,496.3593885299393,0,[]
110686902032026125449227329,739,1600,247.56946472917346,0,[]
110686904112025051117484551,739,1600,534.8879908819134,0,[]
110686904112025051226109200,739,1600,524.9762905788735,0,[]
110686904112025051521740426,1600,739,186.20395974081006,0,[]
110686905122025015623800511,739,1600,1330.4327157989599,0,[]
110686905122025015835362161,739,1600,105.97525541237368,0,[]
110686905122025020230618424,739,1600,62.09930649317815,0,[]
110686905122025020234595680,739,1600,923.4863387981949,0,[]
110686905122025020520380314,534,1156,733.3999941010092,0,[]
110686905122025020524512647,534,1156,2248.15871362636,0,[]
110686905122025020729694047,534,1156,958.9893780196745,0,[]
110686905122025020734303176,534,1156,3046.3050642941203,0,[]
110686905122025021018820207,534,1156,819.4581353764448,0,[]
110686905122025021025126427,534,1156,3563.437450484526,0,[]
110686906082025010150706295,1200,1600,734.3753279583333,0,[]
110686906082025010155138025,1200,1600,252.6929510332639,0,[]
110686907012026111711443446,899,1599,1253.4267498406487,0,[]
110686913112025013830335993,1920,1080,75.01247347503626,0,[]
110686913112025013837968260,1920,1080,413.5049613587868,0,[]
110686913112025014345618964,739,1600,475.1836398159695,0,[]
110686913112025014351304788,1600,739,168.08452046640002,0,[]
110686931122025021511633951,899,1599,191.93415135514172,0,[]
110686931122025022028910104,534,1156,2236.468095061319,0,[]
110686931122025022033784154,534,1156,356.30318751328423,0,[]
110686931122025022811747670,652,1156,1918.537305550617,0,[]
110686931122025022817002389,652,1156,435.5695702901816,0,[]
110687417022026054747510608,899,1599,22.284031106621114,0,[]
110687417022026054747558548,899,1599,75.57028338978441,0,[]
110689201092025044109865980,899,1599,274.6847081833368,0,[]
110689207082025021202119144,901,1600,1355.1131528105718,0,[]
110689207082025023132600086,1600,901,266.205874028701,0,[]
110689231012026112222701034,1600,1200,44.058445832004125,0,[]
110689231012026112222743588,900,1600,5932.800043001794,0,[]
110689231012026112329420690,1200,1600,78.05496873957898,0,[]
110689231012026112329484454,900,1600,2572.505598591821,0,[]
110689231012026112417387822,1200,1600,76.52634421950277,0,[]
110690502042026091837316750,1615,1169,76.88833671555639,0,[]
110690504042026081205821353,1200,1600,871.1118627966134,0,[]
110690504042026081552802737,1600,1200,31.09214251988688,0,[]
110690504042026081552803121,1200,1600,1582.6168415846084,0,[]
110690512112025052038628972,1529,1086,162.23800565847537,0,[]
110690512112025052039096701,1523,1150,204.3475042498613,0,[]
110690513012026021910575396,507,888,655.7536878377841,0,[]
110690514032026041826762101,1920,1440,398.7138573436549,0,[]
110690514032026041828189211,1920,1440,1989.0582167575226,0,[]
110690518022026062644945770,900,1600,602.0439609086111,0,[]
110690524012026080528098089,1600,1200,439.1250369663929,0,[]
110690524092025043229326096,900,1600,5.537515886747204,0,[]
110690524092025043229373577,900,1600,13.232640233209876,0,[]
110690524092025043229487009,1600,900,117.91681509715278,0,[]
110690524092025043229585553,1600,900,396.0184040448491,0,[]
110690525092025045123910187,899,1599,123.65184928541406,0,[]
110690525092025045124252206,899,1599,164.141300056066,0,[]
110690525092025045124333459,899,1599,750.037415587275,0,[]
110690526022026021821176045,1599,899,351.3195488560866,0,[]
110690526022026021821392557,1599,899,463.79660409130565,0,[]
110690526122025032210572305,902,1600,1097.4762005446019,0,[]
110690526122025032210572311,1600,902,1202.6254958366453,0,[]
110690527122025031622188696,739,1600,413.237856499572,0,[]
110690529012026022641537397,1170,1579,596.5050760207937,0,[]
110690529012026022641563162,1169,907,158.78403683947587,0,[]
110690530032026113406850098,720,1280,53.18156425471837,0,[]
110690530032026113434249344,369,179,1370.0021897898619,0,[]
110691911072025053649358217,900,1600,374.53959383809996,0,[]
110692601122025113948330986,808,1065,275.4397119324561,0,[]
110692604042026031102309976,1600,1200,8.388345826388889,0,[]
110692604042026031111076929,1200,1600,22.754697866974826,0,[]
110692606122025031153388373,1200,1600,952.9250960983699,0,[]
110692621032026043549026682,1080,1920,292.30491496631436,0,[]
110692621032026043654947485,1080,1920,403.0431441731768,0,[]
110692621032026044540512809,1080,1920,64.97388098862237,0,[]
110695807012026111758632429,899,1599,804.4579895246154,0,[]
110695807012026111758665875,899,1599,2480.110778295002,0,[]
110695807012026112414509197,899,1599,251.5747543705453,0,[]
110695807012026112414630917,1599,899,2935.102285727115,0,[]
110695827032026055451745474,1280,720,35.56526860892214,0,[]
110695827032026055451746535,720,1280,66.15396556876736,0,[]
110695827032026055451809974,720,1280,878.9538416687283,0,[]
110696102042026053906475465,899,1599,251.76201193099948,0,[]
110696102042026053919073439,1599,899,181.176078595236,0,[]
110696112012026032144779900,834,1206,128.72710771093463,0,[]
110696113012026033228979184,491,208,2658.9630981121395,0,[]
110698423092025103407937813,900,1600,29.029493746349825,0,[]
110698428062025054621353471,960,540,599.1572423127518,0,[]
110701202022026112444285817,900,1599,1144.3843902281922,0,[]
110701202022026112901849856,1600,900,46.80063370587915,0,[]
110704104092025040645140745,1080,1920,509.3602574181241,0,[]
110704104092025041018645332,1280,960,185.048775982062,0,[]
110704110102025011936918871,864,1920,81.97964347114579,0,[]
110707705112025051548996574,867,1156,490.0378466526371,0,[]
110707705112025051557911119,1156,867,367.362469704799,0,[]
110707705112025051557911794,867,1156,425.7034748274567,0,[]
110707705112025051557944732,1156,867,785.902016523669,0,[]
110707706102025021131473186,1920,1440,1153.3535703330583,0,[]
110707706102025021145325003,1920,1440,127.79818828553447,0,[]
110707706102025021655311969,1920,1440,343.8427253574319,0,[]
110707706102025021655370012,1920,1440,475.10945685337083,0,[]
110707706102025021741563390,1920,1440,524.4030443191779,0,[]
110707706102025022158473031,1920,1440,227.67384005198838,0,[]
110707706102025023624717351,1600,1200,86.75602967718505,0,[]
110707706102025023747627441,1600,1200,137.57090152983696,0,[]
110707706102025023830073682,1200,1600,106.69408904108045,0,[]
110707723022026120002192866,1599,899,79.02698538163345,0,[]
110707723022026120005192769,1599,899,472.02316174544086,0,[]
110707723022026120006147159,899,1599,469.4004078258891,0,[]
110707723022026120006376762,899,1599,436.8602866729216,0,[]
110707723022026120006378504,899,1599,898.8016750386673,0,[]
110707723022026120052517031,720,1280,805.1809546411197,0,[]
110708803122025013840873961,832,1280,376.61747831087763,0,[]
110708803122025013902276894,1920,1440,339.469487485077,0,[]
110708803122025013903436728,1920,1440,309.5043720405354,0,[]
110708803122025013907809996,1920,1440,561.7137358919873,0,[]
110708809112025083732983976,1920,1440,561.7134696884782,0,[]
110708812022026013558369040,1600,1200,23.270975512901206,0,[]
110708812022026013558527942,1600,1200,108.69746379501707,0,[]
110708812022026013558530051_page01,1240,1755,7925.190099255394,0,[]
110708812022026013558530051_page02,1240,1755,6071.172694605086,0,[]
110708812022026013558814007,864,1920,23.93214939760918,0,[]
110708812022026013558814361,864,1920,36.79581217748765,0,[]
110716314112025025426863521,1280,720,348.47290952193174,0,[]
110716314112025025426863554,1280,720,246.08031118754516,0,[]
110716314112025025541767019,1280,720,1048.3987227651703,0,[]
110716314112025025541783645,720,1280,465.61039338734827,0,[]
110716314112025025651928356,1280,720,766.9226650893023,0,[]
110716314112025025651971601,720,1280,461.8495811597612,0,[]
110716314112025025900924355,1600,1200,131.3016951680892,0,[]
110716314112025025900969950,1600,1200,335.05863271775144,0,[]
110716327082025023656956205,720,1280,193.3021212832027,0,[]
110717230102025034928421850,520,1156,171.379445031505,0,[]
110717230102025035459173294,1156,520,465.33520180996186,0,[]
110717230102025035932092668,520,1156,740.8879665311471,0,[]
110717230102025040515596820,1156,520,38.75676070695893,0,[]
110717230102025040759051432,1156,520,93.46947527088099,0,[]
110717230102025041704096605,1156,520,35.41740072022377,0,[]
110722208012026052309040927,900,1600,1474.6905408362459,0,[]
110722208012026052309310650,1080,1920,722.1175673275987,0,[]
110722208012026055317073074,720,1280,164.1235117846065,0,[]
110722208012026055317102735,1280,720,129.82498219502298,0,[]
110722208012026055317265851,960,1280,3420.9284187825356,0,[]
110722228072025044836029507,1280,720,342.03149847592834,0,[]
110722228072025044837070524,1080,1920,1125.9808361141922,0,[]
110722228072025044837274155,1080,1920,2774.5311225714536,0,[]
110724403112025121451576355,1177,781,33.817631358210996,0,[]
110724405122025032953308697,1200,1600,86.82697687611872,0,[]
110724405122025032953896021,1200,1600,226.711706677363,0,[]
110724412082025124342032691,1280,960,125.96862092488608,0,[]
110724417102025041518265326,899,1599,124.56963597696533,0,[]
110724417102025041518281033,1599,899,107.87241684005829,0,[]
110724426082025015034383070,1600,1200,1927.1100032738605,0,[]
110724426082025015034393268,1600,1200,1933.6032767574825,0,[]
110728320032026045248232639,1578,1125,1341.2913634699335,0,[]
110728320032026053730769104,957,1014,104.8949577826814,0,[]
110728328032026022741698698,803,429,141.7447153276837,0,[]
110729706032026074816662949,900,1600,173.23524212950957,0,[]
110729706032026074826224894,900,1600,74.00628972219135,0,[]
110729707022026120904917293,900,1600,2280.429147079506,0,[]
110729707022026120918348580,1600,900,752.4742471081553,0,[]
110729707102025125836082256,900,1600,312.47286597231437,0,[]
110729708092025024857633366_page01,1275,1389,209.93990804520504,0,[]
110729708092025024857633366_page02,929,1650,98.67247401503725,0,[]
110729708092025025139723474,1600,900,567.3334628366276,0,[]
110729708092025025924591442_page01,929,1650,13.06847765008028,0,[]
110729710122025023855072821,1200,1600,256.16546626555555,0,[]
110729711022026010134136341,1600,900,421.6119579962886,0,[]
110729711022026010147724771,900,1600,1701.3821390981827,0,[]
110729711092025123925731669,560,1152,1138.447229550879,0,[]
110729711092025124108992573,560,1152,810.8483701267925,0,[]
110729716032026043117479701,899,1599,38.643541741769724,0,[]
110729716032026043125350529,899,1599,58.98000311911661,0,[]
110729718112025121709717733,671,1920,2568.9097303829653,0,[]
110729723082025024837500555,1600,900,172.21997189637153,0,[]
110729723082025030815734574,715,1600,35.421186721979076,0,[]
110729723082025031026146988,572,1280,47.17460640958355,0,[]
110729723082025031134789389,572,1280,82.17034572884869,0,[]
110729723082025031233005525,1600,715,27.621120935103797,0,[]
110740626112025035755933747,1280,960,136.09598672564758,0,[]
110744707112025123555120069,1599,899,582.8418525103741,0,[]
110744707112025123557131444,1599,899,914.5010294481822,0,[]
110744715112025012146603592,899,1599,47.715015826788076,0,[]
110744715112025012149247635,1599,899,400.01303617253046,0,[]
110744724062025015704628982,1080,1592,21.504816822690596,0,[]
110744724062025015809876039,1080,1765,6.493493307741237,0,[]
110744725062025025739795437,1600,739,485.7899796454191,0,[]
110747426032026011950812686,1920,1080,268.8601962675835,0,[]
110750403122025042930756223,886,1920,1095.1852596040378,0,[]
110753019082025092257409455,1600,720,1010.7015026328005,0,[]
110754026012026015057258722,900,1600,19.35430659765432,0,[]
110754026012026015057342811,1280,720,524.1431812728882,0,[]
110754026012026015421829704,720,1280,223.08839769897466,0,[]
110754026012026015421924102,900,1600,157.87894224767314,0,[]
110754026012026015556459417,900,1600,27.348497833610626,0,[]
110754026012026015556557094,720,1280,336.0071722113715,0,[]
110754026012026015737511070,900,1600,23.252171526318964,0,[]
110754026012026015737564426,720,1280,231.83231536818138,0,[]
110754026012026015927900024,900,1600,270.7559975286415,0,[]
110754026012026015928859000,1200,1599,3604.498042512951,0,[]
110754026122025125027766024,576,1280,3147.252980931592,0,[]
110754026122025125027857632,899,1599,775.5309840539766,0,[]
110754027122025014718885697_page01,1754,1241,5602.1220381804405,0,[]
110754027122025014718885697_page02,1754,1241,1818.663832241631,0,[]
110754027122025014718885697_page03,1754,1241,112.18854009301015,0,[]
110754027122025014815038793_page01,1754,1241,2760.099408811022,0,[]
110754027122025014815038793_page02,1241,1754,6284.603953082568,0,[]
110754027122025014815038793_page03,1241,1754,1317.9015397570033,0,[]
110757604042026025036934180,1544,1544,111.49447039588534,0,[]
110757627032026015213453146,899,1599,1408.4659977891724,0,[]
110757701012026074020966068,720,1280,38.346756209478265,0,[]
110757701012026074026489655,720,1280,51.1238953956133,0,[]
110757714032026022729587894,1440,1920,682.818297132942,0,[]
110757714032026022745019310,1440,1920,909.7301703105187,0,[]
110760830102025123914070492,1200,1600,40.011841644478075,0,[]
110761520112025030208893533,575,1280,1458.066968112004,0,[]
110761520112025030209204335,575,1280,4468.378423870393,0,[]
110761521112025094216741470,1280,960,453.7897124189211,0,[]
110761521112025094630899494,960,1280,1985.2467420832154,0,[]
110761521112025094832178319,1280,960,350.1693324962589,0,[]
110761521112025094932423942,960,1280,1300.8029232977967,0,[]
110761811112025031328371469,1280,720,58.449739493380655,0,[]
110761811112025031427891062,1280,720,54.375291669010814,0,[]
110761811112025031521422916,1280,720,42.5463236671542,0,[]
110761811112025031611816555,1280,720,115.77809843923309,0,[]
110761812122025044904357732,1920,1080,1648.3407618232343,0,[]
110761825112025041236969240,1600,900,1316.0131755121486,0,[]
110761825112025041409042798,900,1600,232.04958399183593,0,[]
110761825112025041544900333,900,1600,233.36733522887684,0,[]
110761825112025041706718956,900,1600,212.34610899183593,0,[]
110761825112025042026987652,1600,900,2063.4421338864922,0,[]
110761827102025023422569157,1280,720,54.9388432858314,0,[]
110761827102025023516846112,1280,720,610.2655965539956,0,[]
110761831012026033453093720,780,1040,423.34486025212937,0,[]
110762316102025071157994596,720,1280,714.0359596329855,0,[]
110762316102025071206541489,720,1612,266.0691807967543,0,[]
110762320012026025116967975,720,1612,62.29235559626769,0,[]
110762320012026025128092732,720,1612,206.19663892198008,0,[]
110762325092025065948868334,516,1156,161.22625358266188,0,[]
110762325092025065959493489,720,1280,430.27348238568715,0,[]
110762325092025070536955846,720,1280,563.8940493750572,0,[]
110762325092025070546965790,1156,867,36.82790554186916,0,[]
110762326082025034403026378,720,1612,633.1058589599231,0,[]
110762326082025034414573120,720,1612,164.50157023233862,0,[]
110762326082025034431812440,720,1612,557.09489301817,0,[]
110762328112025114939907909,720,1612,55.986975805807255,0,[]
110766301092025064131214333,1200,1600,912.8385690480466,0,[]
110766301092025064609779094,960,1280,265.5567432463162,0,[]
110766301092025064610708781,899,1599,816.2677585073845,0,[]
110766301092025064610802401,899,1599,658.2652756829553,0,[]
110766306042026013836305605,1200,1600,384.41869364301647,0,[]
110766309102025035430139371_page01,1240,1753,2299.8703108035993,0,[]
110766322122025010206004095,461,1484,223.0832583127324,0,[]
110766322122025010206057225,822,397,313.68009976992073,0,[]
110766322122025125057060413,899,1599,974.4687236165469,0,[]
110766322122025125057274866,899,1599,836.9101805984578,0,[]
110766322122025125234520588,1599,899,151.3344095064392,0,[]
110766322122025125235014224,899,1599,3541.435934791564,0,[]
110766322122025125519694489,899,1599,841.0271240133877,0,[]
110766322122025125520132961,899,1599,1865.6773785517098,0,[]
110766322122025125704782528,899,1599,508.8055173317468,0,[]
110766322122025125705053849,899,1599,1784.4771175585008,0,[]
110766322122025125850709588,899,1599,660.7280717298436,0,[]
110766322122025125934430445,899,1599,3144.2896960384332,0,[]
110766322122025125934431388,899,1599,1418.949187720315,0,[]
110766330012026100102678933,899,1599,528.4536302265745,0,[]
110766330012026100135712098,899,1599,518.3905902345808,0,[]
110766330012026100408802692,899,1599,425.5321372415922,0,[]
110766330012026100426107867,899,1599,743.9406615556528,0,[]
110766330012026100640112080,899,1599,100.17056913654201,0,[]
110766330012026100705354418,899,1599,17.081654688917865,0,[]
110766331012026084458252988,899,1599,3191.4049144706837,0,[]
110766331012026084511481912,1599,899,156.41168464784027,0,[]
110773620112025021649616915,963,1280,423.4119417388315,0,[]
110773620112025021659414673,1599,899,553.4449386965181,0,[]
110773622012026023843938870,1920,1080,222.12761421274988,0,[]
110773622012026023907245864,1920,1080,207.11100435430419,0,[]
110773624022026081908725960,720,1096,411.9539870780479,0,[]
110773624022026081911022853,899,1599,293.1086158564107,0,[]
110773624032026033357370800,1200,1600,124.62281796603732,0,[]
110773624032026033357371254,1200,1600,217.58417477239146,0,[]
110773624032026033357778159,1920,896,527.7150561426434,0,[]
110776311082025015516274776,1024,576,1561.5008494050937,0,[]
110776311082025015516335809,1024,576,1287.2124375562028,0,[]
110776311082025015516637986,576,1024,652.6965201905365,0,[]
110776311082025015516656118,1024,576,967.3190679035874,0,[]
110776311082025015516704768,1024,576,1634.7466731422846,0,[]
110783106082025014820650692,900,1600,784.0743575476345,0,[]
110783106082025014944494018,900,1600,1023.7486395664694,0,[]
110783106082025015055370734,900,1600,841.4875820241891,0,[]
110783106082025015147240677,1280,720,56.24494227865596,0,[]
110783106082025015242228422,1280,720,22.8375409725566,0,[]
110783106082025015338056718,1280,720,264.3905386606558,0,[]
110783128082025020633639638,1280,960,335.9907160176171,0,[]
110791620122025010228391947,900,1600,1176.9311763394671,0,[]
110795104122025042326444914,1280,960,1287.3292831237256,0,[]
110795104122025042326591139,960,1280,1929.1244945674414,0,[]
110795105122025122415751857,594,1280,15.884627524560589,0,[]
110795107012026042024383374,519,1152,415.4238217497976,0,[]
110795107012026042024682981,1152,519,802.5758650983574,0,[]
110795107012026042434455315,519,1152,683.9706564564874,0,[]
110795107012026042435301620,1152,519,5054.620450632018,0,[]
110795107022026035928047130,1152,519,1487.2808803358755,0,[]
110795107022026035928120725,1152,519,2769.6935404184333,0,[]
110795107022026035928235818,519,1152,5285.351289862398,0,[]
110795107022026040211350499,1280,720,316.9860039955881,0,[]
110795107022026040211699691,720,1280,9456.218527435261,0,[]
110795108102025084528903278,720,1280,814.9198881239703,0,[]
110795108102025084528967579,864,1152,3372.735516896411,0,[]
110795108102025084529008000,864,1152,2905.881444959419,0,[]
110795109032026124633290862,1600,900,1433.1090708116592,0,[]
110795109032026124633292925,1600,900,1239.254932346238,0,[]
110795109032026124759397447,900,1600,1707.422665479301,0,[]
110795109032026124759430562,1600,900,6117.882785163193,0,[]
110795109032026124934350675,900,1600,1939.957561099969,0,[]
110795109032026124934356374,1600,900,3714.93100629069,0,[]
110795109032026125124102473,900,1600,2396.3938535705533,0,[]
110795109032026125124134494,1600,900,5437.981881937954,0,[]
110795109032026125124167019,1600,900,6919.5462482088715,0,[]
110795109032026125312474754,1600,900,1006.9139790431925,0,[]
110795109032026125312524833,1600,900,1254.475049525432,0,[]
110795109032026125312536800,1600,900,2331.4182738710933,0,[]
110795110112025123619314906,720,1280,3736.7171917894107,0,[]
110795110112025123631971041,1280,720,657.8204020018389,0,[]
110795110112025124142580689,1280,720,1120.3559596607527,0,[]
110795110112025124142580945,720,1280,1491.6198122689977,0,[]
110795113082025060707326889,864,1152,30.01770651593039,0,[]
110795113082025061655435154,1200,1600,1287.3868739465972,0,[]
110795113102025113204640611,720,1280,211.4761033897294,0,[]
110795113102025113204704283,960,1280,643.0843489506086,0,[]
110795113102025113204704407,926,1280,398.7558353237136,0,[]
110795114022026014316663405,1599,899,439.43031236396354,0,[]
110795114022026014316664078,1599,899,333.3003056666084,0,[]
110795114022026014316684944,1528,1528,222.57087432746883,0,[]
110795114022026020143490844,899,1599,18.360790585866987,0,[]
110795115112025113210368714,1599,1200,13.37388153215244,0,[]
110795115112025113210368753,1599,1200,15.792979425233318,0,[]
110795115112025113210551868,1599,1200,52.88114861758784,0,[]
110795115112025113210551910,1599,1200,77.73182144666295,0,[]
110795115112025113210556223,1599,1200,124.86679995332274,0,[]
110795116102025045552315755,720,1600,51.632837585991005,0,[]
110795116102025045552330993,1296,582,3416.9425135555944,0,[]
110795116102025045552423888,1600,720,2529.4928261518908,0,[]
110795116102025045932320129,1600,720,303.51558215567053,0,[]
110795116102025045932406357,1296,582,6417.817852243578,0,[]
110795116102025045932406811,1296,582,4487.156998409468,0,[]
110795116102025050103292166,1600,720,191.79523463676622,0,[]
110795116102025050103418262,1296,582,5495.383732631817,0,[]
110795116102025050103419346,1600,720,2845.397111001155,0,[]
110795117032026044910327065,717,1600,388.03395491840604,0,[]
110795117032026044910578157,1600,1200,568.2890550503253,0,[]
110795117032026045255968284,1200,1600,175.5021291542437,0,[]
110795117032026045256083203,1600,1200,841.8403421811498,0,[]
110795119112025020641332069,900,1600,145.964427705924,0,[]
110795119112025020641403933,900,1600,172.94659760842544,0,[]
110795119112025020641431212,899,1599,654.0258977067981,0,[]
110795123032026122828575524,1152,519,368.1400504830413,0,[]
110795123032026123218797539,1152,519,315.3353267056983,0,[]
110795126012026020244678019,720,1280,217.54996520768154,0,[]
110795126012026020244995195,720,1280,610.8517903211806,0,[]
110795126122025125454970027,519,1152,264.6353982685022,0,[]
110795126122025125455404087,1152,519,3885.566507497483,0,[]
110795129092025121545732065,685,1600,677.989598540146,0,[]
110795129092025121545886674,1600,900,66.61504542215276,0,[]
110795129092025121546221635,900,1600,224.96062341970486,0,[]
110795130102025012946674404,899,1599,1485.9222899376348,0,[]
110795130102025012947106771,899,1599,3997.8973843730405,0,[]
110798103122025123644370630,1920,864,39.75046958630268,0,[]
110800214102025124329337630,1279,960,103.64569996841391,0,[]
110800214102025124329631230,1280,960,661.5441437291773,0,[]
110800221072025034924471015,334,378,1176.833758784024,0,[]
110804401082025125112653770,1920,1440,4826.656996166019,0,[]
110804401082025125227998152,1440,1920,8473.301416663622,0,[]
110814924032026125207909689,1599,899,1477.9185777586345,0,[]
110814928032026015716282966,1600,720,6561.173993011426,0,[]
110819907082025010715571295,1440,1920,1857.5346208369747,0,[]
110819907082025011551041378,1440,1920,3223.228969990885,0,[]
110819907082025012422892338,1440,1920,5516.681312783691,0,[]
110819907082025012721933694,1440,1920,3680.949040283485,0,[]
110819907082025014909960813,1440,1920,2092.3322313455546,0,[]
110819907082025015453442758,1200,1600,422.89019958336564,0,[]
110819907082025052350398612,1599,899,2010.2658475173118,0,[]
110819907082025052518256518,1440,1920,1534.5336257420915,0,[]
110819907082025071315306075,1599,899,3560.691600595031,0,[]
110819907082025073353112703,1599,899,2069.9477928635347,0,[]
110819907082025082431668931,1599,899,2654.8661732556184,0,[]
110819907082025083258089358,1599,899,570.65070391696,0,[]
110819907082025084456612602,1600,1200,2009.169917076301,0,[]
110819909122025114115311308,1200,1600,2539.467699246059,0,[]
110819909122025114115311332,1600,1200,1839.8952821370442,0,[]
110819909122025114115311343,1200,1600,1780.494708014167,0,[]
110819909122025114356588018,1600,1200,1720.874193383723,0,[]
110819909122025114356778039,1600,1200,2324.2712953360146,0,[]
110819909122025114357106419,1200,1600,2401.052051492357,0,[]
110819909122025114357328543,1600,1200,2327.400856248818,0,[]
110819918032026115903684677,1920,864,5143.143438661253,0,[]
110819918032026115903904508,1920,864,6726.671745409345,0,[]
110819922122025122518000287,1200,1600,93.76008165657525,0,[]
110819922122025122721329996,1148,844,107.60830188835271,0,[]
110819922122025122729023770,1200,1600,490.3682654801551,0,[]
110819923032026035437518913,1920,864,6933.068619162213,0,[]
110819923032026035437819076,1920,864,8731.921345011218,0,[]
110819923032026035608169298,864,1920,5202.455264369265,0,[]
110819923032026035608593627,1920,864,11875.117272196845,0,[]
110819923032026035701615230,1920,864,2875.385197704191,0,[]
110819923032026035701734559,864,1920,3333.0203521906196,0,[]
110819923032026035753313851,1600,1200,454.5904345984676,0,[]
110819923032026035753514228,1600,1200,4033.3340653863265,0,[]
110819923032026035902454663,899,1599,25.50140988807456,0,[]
110819923032026035902549084,1600,1200,218.51124426686175,0,[]
110819923032026035952250405,899,1599,142.08533002710095,0,[]
110819923032026035952409220,1200,1600,811.7347152084502,0,[]
110819923082025061236134104,1200,1600,1668.3701806003903,0,[]
110819923082025061251736762,899,1599,3787.1083629113123,0,[]
110819924032026035311721307,1440,1920,7426.612613291987,0,[]
110819924032026035311741423,1440,1920,7672.004893919125,0,[]
110819928022026115849565567,1600,1200,682.965731408522,0,[]
110819928022026115930722749,1920,864,8221.92888548054,0,[]
110819929082025103135378417,1200,1600,150.73951453775362,0,[]
110819929102025111147436419,1200,1600,280.2830046544593,0,[]
110819929102025111147598095,1200,1600,170.48604995439996,0,[]
110819929102025111147626414,1200,1600,452.45292238509086,0,[]
110821408102025021107430696,1440,1920,1909.0737351189598,0,[]
110821408102025023426490429,1440,1920,981.6058328904309,0,[]
110821408102025024126411386,1440,1920,585.2750429792615,0,[]
110821412032026053757064899,1600,1200,497.44870753454427,0,[]
110821412112025124957031297,538,1600,150.388361962396,0,[]
110821412112025125205915277,730,1600,6.3622362870027205,0,[]
110821412112025125344133220,671,1600,84.14736095799857,0,[]
110821412112025125513013547,726,1600,24.722010912266448,0,[]
110821412112025125647321452,612,1600,17.434979580410406,0,[]
110821412112025125813620250,1143,1600,21.980252062458227,0,[]
110821412112025125943490168,1600,1200,42.1835609254229,0,[]
110821414012026111344302232,1280,960,76.9043432616651,0,[]
110821421082025114125744241,899,1599,552.601243155565,0,[]
110821421082025114357673677,899,1599,527.7004103789961,0,[]
110821421082025114612461654,899,1599,706.1059416020785,0,[]
110821421082025114742000870,899,1599,638.2863410909007,0,[]
110821429012026055220676845,1280,720,148.340719366614,0,[]
110821429112025110251422717,1280,720,60.190310327784225,0,[]
110821429112025110417648204,720,1280,208.27903725399327,0,[]
110821429112025110532902352,720,1280,908.0341080525526,0,[]
110821431032026015716539449,899,1599,3315.585789244817,0,[]
110822001072025023328280035,720,1280,1206.065434525026,0,[]
110822001072025023438027042,720,1280,1454.376257867653,0,[]
110822010122025032505210176,720,1280,58.63794379277994,0,[]
110822016122025012537388556,960,1280,1149.2221033492187,0,[]
110822025032026050425818785,1125,1500,29.942626369915256,0,[]
110822905032026115611693115,1600,724,18.647130496233615,0,[]
110822905032026115611783014,1600,724,17.62658320714023,0,[]
110822905032026115611826629,724,1600,582.075663156017,0,[]
110822905032026121418632219,1600,724,20.074761574309008,0,[]
110822905032026121418662924,724,1600,208.90590087518837,0,[]
110822905032026121518440519,1600,724,1638.7867351432415,0,[]
110822905032026121518480384,1600,724,1153.3497058499436,0,[]
110822905032026121552083693,724,1600,890.0893118837284,0,[]
110822905032026121552091331,724,1600,2412.752547611166,0,[]
110822905032026121637150675,724,1600,258.24737074336673,0,[]
110822905032026121637253394,1600,724,1457.1594181414466,0,[]
110822905032026121721390428,724,1600,30.409764984038638,0,[]
110822905032026121721536851,724,1600,3267.6285564643244,0,[]
110822905032026121759572521,724,1600,70.87259024405016,0,[]
110822905032026121759611601,1600,724,211.55656163135615,0,[]
110822905032026121844049853,724,1600,36.098985604154635,0,[]
110822905032026121844058602,1600,724,10.170743254162247,0,[]
110822905032026121917827318,724,1600,23.10229867937293,0,[]
110822905032026121917895123,724,1600,493.8283730920464,0,[]
110822905032026121957013492,1600,724,11.23132762807721,0,[]
110822905032026121957014506,724,1600,49.69186177833683,0,[]
110822906102025014004477512,900,1600,67.48604162209877,0,[]
110822906102025014006168289,1200,1600,1972.777681859212,0,[]
110822909032026022630935163,717,1600,228.87194580555894,0,[]
110822909032026022631215252,1600,717,798.1410404097832,0,[]
110822910012026051738195552,1200,1600,145.35752916262913,0,[]
110822910012026051738287463,1200,1600,1244.1536004956702,0,[]
110822910012026051738295538,1200,1600,1185.6107993299477,0,[]
110822910012026051802038369,1200,1600,668.7729585724932,0,[]
110822916102025033909639702,504,1148,235.19320067890143,0,[]
110822916102025033948286820,504,1148,229.59065448366178,0,[]
110822916102025034115676209,1600,720,178.30655642573302,0,[]
110822916102025034226202022,1600,720,521.9319095169,0,[]
110822916102025034651117456,504,1148,69.59405047709436,0,[]
110822916102025034833913365,504,1148,111.55640366276783,0,[]
110822916102025034932477464,720,1600,162.22621213302875,0,[]
110822916102025035811233068,1920,887,227.7314775953878,0,[]
110822916102025035819428512,1920,887,888.5903827417441,0,[]
110822916102025035819433062,1920,887,817.7482076337598,0,[]
110822916122025011149124731,1600,1200,168.77612899911867,0,[]
110822916122025011317615795,1200,1600,189.9790112650998,0,[]
110822921012026045024285448,1148,504,590.3757784561851,0,[]
110822921012026045024471833,504,1148,23.803573139194302,0,[]
110822921012026045024472273,504,1148,21.08382244062979,0,[]
110822921012026045024474260,1148,504,724.5682357753275,0,[]
110822921012026045024582450,504,1148,947.6735136361926,0,[]
110822925102025012027886738,576,1280,464.85705835447635,0,[]
110822925102025012027948944,576,1280,119.34175074188063,0,[]
110822925102025012027960009,576,1280,289.63792983152064,0,[]
110822925102025012103438269,1280,576,100.38974732476805,0,[]
110822925102025012103663636,720,1280,257.4838801838898,0,[]
110822925102025123954970087,720,1280,956.736204200461,0,[]
110822925102025124008143459,720,1280,2284.8438798027464,0,[]
110822925102025124008529278,1280,720,2541.5510047706134,0,[]
110822925102025124216218698,1200,1600,75.19773747081598,0,[]
110822925102025124216471784,1200,1600,304.9334239572906,0,[]
110822926032026021202033670,1600,724,302.2798438338191,0,[]
110822928112025102956609183,1080,1920,316.87577060961775,0,[]
110822928112025103228302686,1080,1920,316.5015271263061,0,[]
110822928112025103228554345,1920,1080,1326.9130328380672,0,[]
110822928112025104107725381,1920,1080,2048.1077489948016,0,[]
110822928112025105504938118,1080,1920,290.2174055955142,0,[]
110822928112025105505386832,1920,1080,3756.1973571236585,0,[]
110822928112025105618751089,1080,1920,2891.9659723703758,0,[]
110824529082025020904629650,1920,1080,1530.2485978616505,0,[]
110824828102025050725281707,1749,1920,29.509025680515432,0,[]
110824828102025050725362501,1920,882,507.3698840000721,0,[]
110824828102025050725644865,1127,1920,1060.9965469213605,0,[]
110826706022026122218069284,1280,963,530.3888558381822,0,[]
110826706032026084916172964,1280,960,145.49317751668295,0,[]
110826728112025041032584507,1920,1535,163.83371401857224,0,[]
110826728112025041312785680,1920,1535,134.1089074156825,0,[]
110844130012026105208613277,1600,820,590.2750937301173,0,[]
110846005082025070746106397,1200,1600,285.69739316062396,0,[]
110846005082025074322640777,1600,1200,256.7684080805987,0,[]
110846005082025074323369087,1200,1600,349.9598070975163,0,[]
110846012082025033441235149,1600,1200,67.35904062195205,0,[]
110852302012026042404200400,902,1600,20.220970712986123,0,[]
110852302012026042404218246,899,1599,177.2437507825885,0,[]
110852304022026111108303265,1920,1080,154.28718901390258,0,[]
110852304022026111108589239,1920,1080,111.10218151697228,0,[]
110852304082025053333300262,1920,1080,408.0431077561023,0,[]
110852304112025051220367808,1599,899,216.51669496574908,0,[]
110852305082025050759674288,1920,1080,1329.869501521235,0,[]
110852305082025050921304058,1920,1080,326.424454571506,0,[]
110852305082025050947624720,1080,1920,2596.7124416174556,0,[]
110852306022026032127718100,1599,899,181.39044172458185,0,[]
110852306022026032127718995,1599,899,343.7970422194551,0,[]
110852306022026032330646341,1200,1600,410.03767946819636,0,[]
110852306042026045933395582,1080,1920,1729.97259445253,0,[]
110852306112025062626265517,1440,1920,149.9877266442087,0,[]
110852306112025062813042529,1440,1920,193.10042251951063,0,[]
110852307082025051927685404,1920,1080,123.95479575004956,0,[]
110852309082025041015904051,720,1280,289.5469990428395,0,[]
110852309082025041105175838,1920,1080,160.17233931535333,0,[]
110852310032026045203245963,1440,1920,749.8953474512172,0,[]
110852310032026045330521896,1440,1920,1320.2124251496737,0,[]
110852310032026045422512638,1440,1920,990.4228884111564,0,[]
110852310092025035038361054,1080,1920,346.4587236862285,0,[]
110852310092025035038510200,1080,1920,566.8410282325857,0,[]
110852312082025050546564101,1920,1440,56.329892207995236,0,[]
110852313022026015337935902,1200,1600,335.5565915332549,0,[]
110852314082025065414027292,1920,1080,696.2764737603379,0,[]
110852316022026034105553249,899,1599,571.1622359171738,0,[]
110852316032026061031396250,899,1599,370.7466210315652,0,[]
110852316072025060408673239,1280,960,80.47057168849241,0,[]
110852317072025070540598061,960,1280,39.35873237490588,0,[]
110852318112025115425499299,720,1600,967.9768204533895,0,[]
110852319122025034020668811,1440,1920,1175.370638711769,0,[]
110852319122025034033253323,1440,1920,1116.2506899810785,0,[]
110852321022026122315095448,1440,1920,81.65897641480161,0,[]
110852321022026122412892851,1440,1920,105.89045919628954,0,[]
110852324112025115920760921,1080,1920,286.8796158060003,0,[]
110852325092025111410499626,1280,720,1763.453234201548,0,[]
110852325092025111411098773,720,1280,891.2836516814762,0,[]
110852327012026054829331909,899,1599,221.5672356309811,0,[]
110852327032026122542003594,864,1920,310.2384017943812,0,[]
110852327032026122752787840,864,1920,226.71763594922888,0,[]
110852328112025100837770110,899,1599,227.87381990450132,0,[]
110852329012026051704803480,1440,1920,1.8590035442952757,0,[]
110852329122025040855109502,1599,899,511.6007969750048,0,[]
110852329122025040855605116,1599,899,122.39323589682348,0,[]
110853802122025035307701245,720,1280,138.13236869727123,0,[]
110853802122025035307998475,1280,720,3777.524080756857,0,[]
110853805122025023435180596,899,1599,7627.358640271271,0,[]
110853805122025023435186754,1599,899,7218.80637882758,0,[]
110853806012026020532149447,1200,1600,259.5945743962107,0,[]
110853806012026020547066699,1200,1600,458.60844587583307,0,[]
110853806012026020939345602,900,1600,97.24423539181664,0,[]
110853806012026020939348989,1600,900,74.40739149993055,0,[]
110853809092025034405918430,1280,720,51.12386583369573,0,[]
110853809092025034407613707,1280,720,215.86812097043168,0,[]
110853812122025030751351455,899,1599,303.36533398943766,0,[]
110853815012026125223820057,960,1280,762.9471772998571,0,[]
110853815012026125223828611,1600,1200,20.58578020700412,0,[]
110853819022026015303300440,1600,1200,940.1314655213964,0,[]
110853819022026015318272834,1600,1200,6.004734299946833,0,[]
110853819022026015442236414,1200,1600,16.981128156222873,0,[]
110853819022026015442287954,1200,1600,194.71778072298147,0,[]
110853819022026015619890464,1600,1200,13.004482786933321,0,[]
110853819022026015619903578,1200,1600,42.46854218081353,0,[]
110853820012026015039488073,1200,1600,125.45919097134738,0,[]
110853820012026015040557744,1200,1600,798.9306369483843,0,[]
110853827012026051946915352,1599,899,106.05418904324472,0,[]
110853827012026052013473951,899,1599,293.6561940109659,0,[]
110853827012026052123084175,1599,899,12.737902095263571,0,[]
110853827012026052151438554,1599,899,1454.1060863788375,0,[]
110853830032026022409728808,1600,900,214.62432210358025,0,[]
110853830032026022409776671,1600,900,2155.883405555278,0,[]
110853830032026022720949906,1600,900,174.62040312715277,0,[]
110853830032026022721036464,900,1600,1446.9598767004818,0,[]
110853831032026062507528439,1440,1920,424.9579128190573,0,[]
110856203102025122639223552,720,1280,271.4803138823285,0,[]
110856203102025122803882388,720,1280,148.30116751420763,0,[]
110856203102025122843455731,1280,720,44.426905264376416,0,[]
110856205042026080540680978,900,1600,165.19823841814042,0,[]
110856205042026080541303116,1600,900,446.8082709753684,0,[]
110856205042026080926109362,899,1599,91.65170996870832,0,[]
110856205042026080926449622,899,1599,36.50138485176961,0,[]
110856208032026084722346472,1600,1200,85.7634906241493,0,[]
110856208032026084722411002,1600,1200,892.706576565103,0,[]
110856209012026060326443827,900,1600,711.9610944134718,0,[]
110856209012026060326529117,1600,900,381.0693974975,0,[]
110856209012026060326592274,1600,900,835.5785085520814,0,[]
110856211032026101106726950,1200,1600,1437.5348166371257,0,[]
110856224012026063612922744,1280,960,223.36074462704593,0,[]
110856224012026063628315596,1280,960,122.7277563946936,0,[]
110856224012026063744405725,960,1280,146.53533313662214,0,[]
110856224012026063749654047,960,1280,43.86293366037409,0,[]
110856224012026063755475728,960,1280,61.98802326824863,0,[]
110856226122025042736913605,1600,1200,636.4495691075998,0,[]
110856226122025042736913631,1200,1600,1626.161656208316,0,[]
110856226122025042736913645,1200,1600,371.40344475124886,0,[]
110857607012026100512532062,720,1280,1029.16984124687,0,[]
110857621072025043645795226,899,1599,233.78317022461957,0,[]
110857630012026042122052003,720,1280,171.0743151556121,0,[]
110862014022026041659492736,1599,899,730.8985579006679,0,[]
110862014022026041710548239,1200,1600,138.26483489507135,0,[]
110862014022026041721930480,1599,899,609.3020553324012,0,[]
110862016012026025832747411,885,1920,451.74228517845637,0,[]
110862016012026025832781685,885,1920,520.1317502697126,0,[]
110862016012026025832811089,885,1920,2102.772843677101,0,[]
110862023022026075700494148,1920,885,263.8132831519886,0,[]
110862023022026080341133512,1440,1920,13.233343817052724,0,[]
110862023022026080358863674,1440,1920,137.67162505834958,0,[]
110862908102025023716459830,1280,720,4637.998274388291,0,[]
110862921012026125200957542,900,1600,800.0828304075443,0,[]
110871028012026062454916169,1280,576,662.6741070664959,0,[]
110890627122025031432900980,1599,1200,1184.7755591253463,0,[]
110890629012026042958481219,1200,1599,151.1203084487119,0,[]
110890629012026043110243918,1599,1200,73.58091773550201,0,[]
110898026092025052448493823,720,1280,17.812497775942013,0,[]
110898026092025052515453873,899,1599,301.39974874391856,0,[]
110905730112025090753294511,1152,864,3.3522135409843057,0,[]
110908516022026044901841679,1600,1200,331.53833835207894,0,[]
110908524122025013126037725,960,1280,978.0363067567023,0,[]
110908524122025013827426824,1280,963,2625.326015018695,0,[]
110908524122025014442688150,1280,963,436.7879095425234,0,[]
110908524122025014852642880,963,1280,1662.8988682493912,0,[]
110908902022026095744204545,900,1600,96.00290532595486,0,[]
110908902022026095744279500,900,1600,67.05011318163146,0,[]
110908915012026014718528877,1600,739,534.2784267811958,0,[]
110908915012026014718597968,1600,739,299.0254466407105,0,[]
110908915012026014718598103,1600,739,333.81765948887625,0,[]
110908915012026014815727234,739,1600,374.39842096448103,0,[]
110908915012026014815771589,1600,739,64.09050828802063,0,[]
110908915012026014815787246,1600,739,62.263245042192324,0,[]
110908915012026014926588530,739,1600,431.3502257227787,0,[]
110908915012026014926606034,1600,739,94.41232811964332,0,[]
110908915012026014926617572,1600,739,28.96790219611359,0,[]
110908918032026085259470689,720,1280,1544.7880850463443,0,[]
110909022012026125800793574,900,1600,542.9514011632639,0,[]
110914302072025040905722095,1599,899,292.0059126611503,0,[]
110914302072025041318076607,899,1599,435.41148621417483,0,[]
110914303092025105704196700,720,1280,107.0895374637133,0,[]
110914303092025105725857864,1280,720,2278.237752874756,0,[]
110914303092025105734879847,1280,720,2464.3413830986015,0,[]
110914303092025105750387572,720,1280,231.62943467499414,0,[]
110914303092025105809761345,1280,720,1753.1308415768835,0,[]
110914305112025052529358474,1280,720,159.8389886771308,0,[]
110914305112025052557772860,1280,720,130.0757332334118,0,[]
110914305112025052605356874,720,1280,472.58294813085365,0,[]
110914306112025050039354979,1600,738,261.91427074192546,0,[]
110914306112025050052786629,1600,738,174.92693089416835,0,[]
110914306112025050100160101,1600,738,223.72204163986518,0,[]
110914308072025010930110988,540,1200,1844.70666634064,0,[]
110914310112025013513528742,720,1280,2234.947398977322,0,[]
110915801042026122144250957,1200,1600,167.13779173818116,0,[]
110915801042026122144250961,1600,1200,67.39790364573541,0,[]
110915801042026122144283854,1200,1600,243.38784695087864,0,[]
110915815122025013753018786,899,1599,183.11896057735657,0,[]
110915815122025013839602759,899,1599,243.67755843553502,0,[]
110915815122025013941241328,899,1599,86.41210950343225,0,[]
110915815122025014038021823,899,1599,52.6890516650827,0,[]
110915815122025014149275122,899,1599,125.86234161326601,0,[]
110915815122025014922767121,899,1599,161.8065246553507,0,[]
110915815122025015006053161,899,1599,20.256251647197764,0,[]
110915815122025015055833138,899,1599,97.09746138869033,0,[]
110915817112025122809277012,1920,1440,213.21452112073808,0,[]
110915819112025111139890421,1280,720,70.00519097033843,0,[]
110915819112025111140136716,720,1280,424.8862173789648,0,[]
110918102022026112957405411,1440,1920,201.98462962283736,0,[]
110918113012026110908785107,1440,1920,1947.6000494224515,0,[]
110920707052025020532736553,515,267,455.01068250035274,0,[]
110920707052025021620036484,102,170,1007.9960882060268,0,[]
110920726022026121241075923,1600,720,106.19852872684882,0,[]
110920726022026121241076061,1600,720,396.306924415461,0,[]
110920726022026121319325076,1600,720,786.4021406110027,0,[]
110920726022026121407645455,720,1600,136.4971163315942,0,[]
110920726022026121407647077,720,1600,1028.6602514389347,0,[]
110920726022026121407717360,1600,720,2434.512071097541,0,[]
110920726022026121447889817,1600,720,52.15682897254096,0,[]
110920726022026121447903670,1600,720,181.23589058087083,0,[]
110920726022026121447989290,720,1600,624.5260559624197,0,[]
110920726022026121447996742,1600,720,713.0933570152384,0,[]
110920726022026121448141350,1600,720,49.965562496717666,0,[]
110921302012026014641873522,1566,917,483.2267243626108,0,[]
110921305032026044238849045,1600,1022,141.6658238808256,0,[]
110921321012026033901125724,1920,1152,126.17457998357436,0,[]
110921321012026042036566523,1920,1371,278.61756534420084,0,[]
110921324022026054150258922,1600,1026,171.18389262842058,0,[]
110921326022026013831428571,1600,1025,101.91357862485091,0,[]
110921326022026014602968976,1600,1200,211.25504261914034,0,[]
110921326022026014829807155,1600,1200,337.9093356764429,0,[]
110921326032026013002684856,900,1600,1075.4479011795136,0,[]
110921326032026033016275318,899,1599,382.7747628835763,0,[]
110921326112025033659981299,1249,720,267.4816542616599,0,[]
110921327022026051653024917,540,1200,1748.838787037037,0,[]
110921327032026083014827628,900,1600,949.9615905667008,0,[]
110921328082025035840896799,576,1280,2218.1978257054734,0,[]
110921330032026030455436147,720,1600,1738.6070919645063,0,[]
110921331032026101323573103,720,1600,20545.292922419198,0,[]
110921331032026101631449548,720,1600,6332.370537589507,0,[]
110921331032026101854054026,720,1600,9402.490706350682,0,[]
110921331032026102100409457,1600,720,1357.981726871141,0,[]
110921331032026102819472859,1600,720,12479.923024207128,0,[]
110923010112025032248730213,1600,1200,344.8997868176551,0,[]
110923010112025032248856347,935,1280,6699.858640289706,0,[]
110923010112025032248928775,1200,1600,803.8043101396416,0,[]
110923010112025032248939968,1600,1200,1275.4391704942698,0,[]
110923010112025041716585446,1600,1200,123.37887864117812,0,[]
110923010112025041732647784,1600,1200,67.44124331109374,0,[]
110923010112025041745754101,1200,1600,173.51603951878232,0,[]
110923010112025041814217872,1600,1200,81.47245208314996,0,[]
110923010112025041828395256,1200,1600,93.44501354093316,0,[]
110923014072025103809202719,720,1280,115.7006489896374,0,[]
110923014072025103809258103,811,1280,1049.8771219246041,0,[]
110923014072025103809313400,720,1280,816.5614379911528,0,[]
110923014072025110923368306,720,1280,274.8565369890943,0,[]
110923014072025110923368314,810,1280,986.1465738494684,0,[]
110923014072025111233454990,720,1280,415.63941642860016,0,[]
110923018082025070455259345,720,1280,261.16950942653614,0,[]
110923018082025070455260618,720,1280,103.59181913553756,0,[]
110923018082025070455365766_page01,1240,1755,4799.41954866668,0,[]
110923018082025072150029238,1280,960,326.2532535324494,0,[]
110923018082025072150029890,1280,960,120.07674612882336,0,[]
110923018082025072341571851,720,1280,362.8373621365759,0,[]
110923018082025072341573077,720,1280,353.6505760045357,0,[]
110923018082025072341575679,720,1280,269.5775796037733,0,[]
110923018082025072341705944_page01,1240,1755,4574.408302454807,0,[]
110923414082025080232571680,960,1280,3433.7307699906664,0,[]
110923418032026112744271920,1599,722,1074.1540530458392,0,[]
110923420012026034548904585,1080,1465,198.9042149996159,0,[]
110923421032026074751066604,722,1599,126.45163005941664,0,[]
110923430122025032702807895,960,1280,18.608995631723932,0,[]
110923430122025033704418493,960,1280,39.83251461867226,0,[]
110923430122025034013518929,1280,960,380.45326309365635,0,[]
110923431122025110143387600,960,1280,933.5710206553612,0,[]
110928107022026040747802964,520,1156,105.63906985142906,0,[]
110928107022026040747994924,520,1156,2810.2417117983327,0,[]
110928107102025041648307939,1280,963,57.44930715861849,0,[]
110928107102025041648356327,1280,963,207.1656322944195,0,[]
110928107102025041648502530,963,1280,1046.9663672722222,0,[]
